Time,Phase Time (s),Density Lane 1,Vol/h Lane 1,Density Lane 2,Vol/h Lane 2,Density Lane 3,Vol/h Lane 3,Density Lane 4,Vol/h Lane 4,Average DS (%),,Total density (veh/m/lane),Total flow (veh/hr)
00:00,85,0.017060367,211.7647059,0.030183727,338.8235294,0.01312336,169.4117647,0,0,19,,0.060367454,720
00:01,85,0.014435696,169.4117647,0.020997375,211.7647059,0.009186352,127.0588235,0.00656168,84.70588235,18,,0.051181102,592.9411765
00:02,85,0.014435696,169.4117647,0.031496063,338.8235294,0.015748031,211.7647059,0,0,21,,0.06167979,720
00:04,87,0.019685039,248.2758621,0.038057743,413.7931034,0.026246719,331.0344828,0,0,24,,0.083989501,993.1034483
00:05,84,0.011811024,128.5714286,0.024934383,257.1428571,0.009186352,128.5714286,0,0,23,,0.045931759,514.2857143
00:07,85,0.014435696,169.4117647,0.014435696,169.4117647,0.014435696,211.7647059,0.00656168,84.70588235,18,,0.049868766,635.2941176
00:08,85,0.009186352,127.0588235,0.030183727,338.8235294,0.022309711,296.4705882,0.00656168,84.70588235,18,,0.06824147,847.0588235
00:10,85,0.014435696,169.4117647,0.023622047,254.1176471,0.010498688,127.0588235,0,0,18,,0.04855643,550.5882353
00:11,85,0.011811024,127.0588235,0.022309711,254.1176471,0.019685039,254.1176471,0,0,19,,0.053805774,635.2941176
00:13,85,0,0,0.00656168,84.70588235,0.007874016,127.0588235,0.005249344,84.70588235,12,,0.019685039,296.4705882
00:14,85,0.00656168,84.70588235,0.026246719,296.4705882,0.017060367,254.1176471,0,0,15,,0.049868766,635.2941176
00:15,76,0.011811024,142.1052632,0.020997375,236.8421053,0.014435696,189.4736842,0.007874016,94.73684211,15,,0.05511811,663.1578947
00:17,84,0.020997375,257.1428571,0.035433071,385.7142857,0.022309711,300,0,0,22,,0.078740157,942.8571429
00:18,89,0.010498688,121.3483146,0.023622047,242.6966292,0.014435696,202.247191,0,0,21,,0.04855643,566.2921348
00:20,93,0.01312336,154.8387097,0.022309711,232.2580645,0.01312336,154.8387097,0,0,20,,0.04855643,541.9354839
00:21,86,0.009186352,125.5813953,0.020997375,251.1627907,0.015748031,209.3023256,0,0,17,,0.045931759,586.0465116
00:23,83,0,0,0.019685039,216.8674699,0.019685039,260.2409639,0,0,16,,0.039370079,477.1084337
00:24,84,0.010498688,128.5714286,0.015748031,171.4285714,0.009186352,128.5714286,0,0,14,,0.035433071,428.5714286
00:26,85,0.00656168,84.70588235,0.011811024,127.0588235,0.00656168,84.70588235,0,0,11,,0.024934383,296.4705882
00:27,85,0,0,0,0,0,0,0,0,6,,0,0
00:29,85,0.010498688,127.0588235,0.011811024,127.0588235,0.00656168,84.70588235,0,0,6,,0.028871391,338.8235294
00:30,85,0.010498688,84.70588235,0.018372703,169.4117647,0.015748031,211.7647059,0,0,9,,0.044619423,465.8823529
00:31,77,0.01312336,140.2597403,0.023622047,233.7662338,0.009186352,140.2597403,0,0,15,,0.045931759,514.2857143
00:33,101,0.009186352,71.28712871,0.017060367,142.5742574,0.007874016,71.28712871,0,0,15,,0.034120735,285.1485149
00:34,76,0.011811024,142.1052632,0.020997375,236.8421053,0.00656168,94.73684211,0,0,15,,0.039370079,473.6842105
00:36,84,0.007874016,85.71428571,0.011811024,128.5714286,0.009186352,128.5714286,0,0,12,,0.028871391,342.8571429
00:37,95,0.01312336,113.6842105,0.019685039,189.4736842,0.017060367,189.4736842,0,0,13,,0.049868766,492.6315789
00:39,64,0.009186352,112.5,0.020997375,225,0.007874016,112.5,0,0,14,,0.038057743,450
00:40,96,0.007874016,75,0.015748031,150,0.011811024,112.5,0,0,14,,0.035433071,337.5
00:42,88,0.010498688,122.7272727,0.027559055,286.3636364,0.020997375,286.3636364,0.00656168,81.81818182,17,,0.065616798,777.2727273
00:43,91,0,0,0,0,0,0,0,0,10,,0,0
00:45,91,0,0,0,0,0,0,0,0,5,,0,0
00:46,85,0.00656168,84.70588235,0.018372703,211.7647059,0.00656168,84.70588235,0,0,6,,0.031496063,381.1764706
00:48,85,0.00656168,84.70588235,0.018372703,211.7647059,0.00656168,84.70588235,0,0,11,,0.031496063,381.1764706
00:49,156,0.011811024,115.3846154,0.023622047,230.7692308,0.010498688,115.3846154,0,0,16,,0.045931759,461.5384615
00:51,47,0,0,0,0,0,0,0,0,9,,0,0
00:53,99,0.010498688,109.0909091,0.027559055,290.9090909,0.018372703,218.1818182,0,0,13,,0.056430446,618.1818182
00:54,80,0.014435696,180,0.024934383,270,0.01312336,180,0,0,15,,0.052493438,630
00:56,95,0.009186352,75.78947368,0.017060367,151.5789474,0.010498688,113.6842105,0.009186352,75.78947368,17,,0.045931759,416.8421053
00:57,82,0.00656168,87.80487805,0.011811024,131.7073171,0.00656168,87.80487805,0,0,13,,0.024934383,307.3170732
00:59,83,0.007874016,86.74698795,0.015748031,173.4939759,0,0,0,0,11,,0.023622047,260.2409639
01:00,85,0.00656168,84.70588235,0.011811024,127.0588235,0.00656168,84.70588235,0,0,10,,0.024934383,296.4705882
01:01,85,0.00656168,84.70588235,0.007874016,84.70588235,0.007874016,84.70588235,0.007874016,84.70588235,8,,0.030183727,338.8235294
01:03,77,0,0,0.01312336,140.2597403,0.014435696,187.012987,0,0,9,,0.027559055,327.2727273
01:04,101,0.020997375,213.8613861,0.026246719,249.5049505,0.007874016,71.28712871,0,0,14,,0.05511811,534.6534653
01:06,76,0,0,0.011811024,142.1052632,0,0,0,0,13,,0.011811024,142.1052632
01:07,72,0.020997375,200,0.030183727,300,0.007874016,100,0,0,18,,0.059055118,600
01:08,84,0.007874016,85.71428571,0.009186352,85.71428571,0.011811024,128.5714286,0,0,14,,0.028871391,300
01:10,84,0.00656168,85.71428571,0.011811024,128.5714286,0.011811024,171.4285714,0,0,12,,0.030183727,385.7142857
01:11,84,0.011811024,128.5714286,0.017060367,171.4285714,0.00656168,85.71428571,0,0,11,,0.035433071,385.7142857
01:13,84,0.00656168,85.71428571,0.007874016,85.71428571,0,0,0,0,9,,0.014435696,171.4285714
01:14,84,0,0,0.015748031,171.4285714,0.010498688,128.5714286,0,0,10,,0.026246719,300
01:16,84,0.00656168,85.71428571,0.014435696,171.4285714,0.009186352,128.5714286,0,0,10,,0.030183727,385.7142857
01:17,84,0,0,0.007874016,85.71428571,0.011811024,171.4285714,0,0,10,,0.019685039,257.1428571
01:18,84,0.010498688,128.5714286,0.011811024,128.5714286,0.00656168,85.71428571,0,0,9,,0.028871391,342.8571429
01:20,84,0.011811024,128.5714286,0.017060367,171.4285714,0.00656168,85.71428571,0,0,11,,0.035433071,385.7142857
01:21,84,0.009186352,128.5714286,0.015748031,171.4285714,0.00656168,85.71428571,0,0,12,,0.031496063,385.7142857
01:23,84,0.00656168,85.71428571,0.011811024,128.5714286,0.00656168,85.71428571,0,0,11,,0.024934383,300
01:24,84,0.010498688,128.5714286,0.011811024,128.5714286,0.00656168,85.71428571,0,0,10,,0.028871391,342.8571429
01:26,95,0.014435696,151.5789474,0.018372703,189.4736842,0.009186352,113.6842105,0,0,11,,0.041994751,454.7368421
01:27,70,0,0,0,0,0.007874016,102.8571429,0,0,9,,0.007874016,102.8571429
01:29,93,0,0,0.011811024,116.1290323,0.010498688,116.1290323,0,0,9,,0.022309711,232.2580645
01:30,84,0.010498688,128.5714286,0.019685039,214.2857143,0.00656168,85.71428571,0,0,11,,0.036745407,428.5714286
01:31,77,0,0,0,0,0,0,0,0,7,,0,0
01:33,101,0,0,0,0,0,0,0,0,3,,0,0
01:34,76,0,0,0.022309711,236.8421053,0.017060367,236.8421053,0,0,8,,0.039370079,473.6842105
01:36,84,0.010498688,128.5714286,0.014435696,171.4285714,0.009186352,128.5714286,0,0,11,,0.034120735,428.5714286
01:37,84,0.005249344,85.71428571,0.00656168,85.71428571,0,0,0,0,10,,0.011811024,171.4285714
01:38,84,0,0,0,0,0.007874016,85.71428571,0,0,7,,0.007874016,85.71428571
01:40,84,0.014435696,171.4285714,0.019685039,214.2857143,0.00656168,85.71428571,0,0,10,,0.040682415,471.4285714
01:41,84,0,0,0,0,0.00656168,85.71428571,0,0,9,,0.00656168,85.71428571
01:43,84,0.00656168,85.71428571,0.011811024,128.5714286,0.00656168,85.71428571,0,0,9,,0.024934383,300
01:44,84,0.00656168,85.71428571,0.011811024,128.5714286,0.009186352,128.5714286,0,0,8,,0.027559055,342.8571429
01:46,84,0,0,0.007874016,85.71428571,0.005249344,85.71428571,0,0,8,,0.01312336,171.4285714
01:47,84,0.00656168,85.71428571,0.007874016,85.71428571,0.009186352,128.5714286,0.00656168,85.71428571,7,,0.030183727,385.7142857
01:48,84,0.007874016,85.71428571,0.019685039,214.2857143,0.01312336,171.4285714,0,0,10,,0.040682415,471.4285714
01:50,84,0,0,0.00656168,85.71428571,0.00656168,85.71428571,0,0,9,,0.01312336,171.4285714
01:51,84,0.00656168,85.71428571,0,0,0,0,0,0,7,,0.00656168,85.71428571
01:53,84,0,0,0,0,0.009186352,128.5714286,0,0,6,,0.009186352,128.5714286
01:54,84,0.00656168,85.71428571,0.009186352,85.71428571,0,0,0,0,7,,0.015748031,171.4285714
01:56,84,0,0,0.007874016,85.71428571,0.005249344,85.71428571,0,0,7,,0.01312336,171.4285714
01:57,84,0.00656168,85.71428571,0.007874016,85.71428571,0.00656168,85.71428571,0,0,6,,0.020997375,257.1428571
01:58,84,0.007874016,85.71428571,0.011811024,128.5714286,0.00656168,85.71428571,0,0,7,,0.026246719,300
02:00,84,0.00656168,85.71428571,0.015748031,171.4285714,0.009186352,128.5714286,0,0,10,,0.031496063,385.7142857
02:01,84,0,0,0.007874016,85.71428571,0.00656168,85.71428571,0,0,9,,0.014435696,171.4285714
02:03,84,0.00656168,85.71428571,0.015748031,171.4285714,0.01312336,171.4285714,0,0,10,,0.035433071,428.5714286
02:04,84,0.015748031,171.4285714,0.023622047,257.1428571,0.007874016,85.71428571,0,0,13,,0.047244094,514.2857143
02:05,84,0.01312336,171.4285714,0.019685039,214.2857143,0.010498688,128.5714286,0,0,15,,0.043307087,514.2857143
02:07,84,0,0,0.011811024,128.5714286,0.009186352,128.5714286,0,0,13,,0.020997375,257.1428571
02:08,84,0.014435696,171.4285714,0.017060367,171.4285714,0.00656168,85.71428571,0,0,12,,0.038057743,428.5714286
02:10,84,0.00656168,85.71428571,0.007874016,85.71428571,0,0,0,0,9,,0.014435696,171.4285714
02:11,84,0,0,0.007874016,85.71428571,0.00656168,85.71428571,0,0,8,,0.014435696,171.4285714
02:13,84,0,0,0.011811024,128.5714286,0.010498688,128.5714286,0,0,7,,0.022309711,257.1428571
02:14,84,0,0,0.007874016,85.71428571,0.009186352,128.5714286,0,0,7,,0.017060367,214.2857143
02:15,84,0.009186352,128.5714286,0.011811024,128.5714286,0,0,0,0,8,,0.020997375,257.1428571
02:17,84,0,0,0.011811024,128.5714286,0.00656168,85.71428571,0,0,9,,0.018372703,214.2857143
02:18,84,0,0,0.007874016,85.71428571,0.00656168,85.71428571,0,0,8,,0.014435696,171.4285714
02:20,84,0,0,0.011811024,128.5714286,0.009186352,128.5714286,0,0,8,,0.020997375,257.1428571
02:21,84,0.00656168,85.71428571,0.011811024,128.5714286,0.00656168,85.71428571,0,0,8,,0.024934383,300
02:23,84,0.007874016,85.71428571,0.023622047,257.1428571,0.017060367,214.2857143,0,0,13,,0.04855643,557.1428571
02:24,84,0.010498688,128.5714286,0.010498688,128.5714286,0,0,0,0,12,,0.020997375,257.1428571
02:25,84,0.00656168,85.71428571,0.011811024,128.5714286,0.00656168,85.71428571,0,0,11,,0.024934383,300
02:27,84,0,0,0,0,0,0,0,0,5,,0,0
02:28,84,0.01312336,171.4285714,0.019685039,214.2857143,0.010498688,128.5714286,0,0,9,,0.043307087,514.2857143
02:30,84,0.00656168,85.71428571,0.011811024,128.5714286,0.00656168,85.71428571,0,0,9,,0.024934383,300
02:31,84,0.01312336,171.4285714,0.019685039,214.2857143,0.00656168,85.71428571,0,0,13,,0.039370079,471.4285714
02:32,84,0,0,0,0,0,0,0,0,7,,0,0
02:34,84,0,0,0.007874016,85.71428571,0.00656168,85.71428571,0,0,6,,0.014435696,171.4285714
02:35,84,0,0,0,0,0,0,0,0,2,,0,0
02:37,84,0.010498688,128.5714286,0.018372703,214.2857143,0.009186352,128.5714286,0,0,8,,0.038057743,471.4285714
02:38,84,0,0,0.007874016,85.71428571,0.00656168,85.71428571,0,0,7,,0.014435696,171.4285714
02:40,84,0,0,0.011811024,128.5714286,0.00656168,85.71428571,0,0,9,,0.018372703,214.2857143
02:41,84,0.00656168,85.71428571,0.007874016,85.71428571,0,0,0,0,7,,0.014435696,171.4285714
02:42,84,0.011811024,128.5714286,0.01312336,128.5714286,0,0,0,0,8,,0.024934383,257.1428571
02:44,84,0.00656168,85.71428571,0.011811024,128.5714286,0.00656168,85.71428571,0,0,9,,0.024934383,300
02:45,84,0.00656168,85.71428571,0.007874016,85.71428571,0.009186352,128.5714286,0,0,8,,0.023622047,300
02:47,84,0,0,0,0,0,0,0,0,4,,0,0
02:48,84,0,0,0.009186352,85.71428571,0.00656168,85.71428571,0,0,5,,0.015748031,171.4285714
02:50,84,0,0,0,0,0,0,0,0,2,,0,0
02:51,84,0.010498688,128.5714286,0.019685039,214.2857143,0.009186352,128.5714286,0,0,8,,0.039370079,471.4285714
02:52,84,0,0,0,0,0,0,0,0,5,,0,0
02:54,84,0.00656168,85.71428571,0.011811024,128.5714286,0,0,0,0,7,,0.018372703,214.2857143
02:55,84,0.007874016,85.71428571,0.011811024,128.5714286,0.00656168,85.71428571,0,0,7,,0.026246719,300
02:57,84,0,0,0,0,0,0,0,0,5,,0,0
02:58,84,0.00656168,85.71428571,0.011811024,128.5714286,0.00656168,85.71428571,0,0,6,,0.024934383,300
02:59,84,0.007874016,85.71428571,0.007874016,85.71428571,0,0,0,0,6,,0.015748031,171.4285714
03:01,84,0.00656168,85.71428571,0.007874016,85.71428571,0,0,0,0,7,,0.014435696,171.4285714
03:02,84,0.009186352,128.5714286,0.019685039,214.2857143,0.009186352,128.5714286,0,0,10,,0.038057743,471.4285714
03:04,84,0,0,0,0,0,0,0,0,6,,0,0
03:05,84,0,0,0.007874016,85.71428571,0.00656168,85.71428571,0,0,6,,0.014435696,171.4285714
03:07,84,0.010498688,128.5714286,0.011811024,128.5714286,0.010498688,128.5714286,0.00656168,85.71428571,6,,0.039370079,471.4285714
03:08,84,0,0,0,0,0,0,0,0,4,,0,0
03:09,84,0.007874016,85.71428571,0.007874016,85.71428571,0,0,0,0,5,,0.015748031,171.4285714
03:11,84,0.00656168,85.71428571,0.018372703,214.2857143,0.01312336,171.4285714,0,0,8,,0.038057743,471.4285714
03:12,84,0,0,0,0,0,0,0,0,6,,0,0
03:14,84,0.00656168,85.71428571,0.007874016,85.71428571,0,0,0,0,6,,0.014435696,171.4285714
03:15,84,0,0,0,0,0,0,0,0,2,,0,0
03:17,84,0,0,0,0,0,0,0,0,1,,0,0
03:18,84,0,0,0.007874016,85.71428571,0.00656168,85.71428571,0,0,3,,0.014435696,171.4285714
03:19,84,0,0,0.007874016,85.71428571,0.00656168,85.71428571,0,0,5,,0.014435696,171.4285714
03:21,84,0,0,0,0,0,0,0,0,3,,0,0
03:22,84,0.00656168,85.71428571,0.015748031,171.4285714,0.009186352,128.5714286,0,0,7,,0.031496063,385.7142857
03:24,84,0,0,0.007874016,85.71428571,0.009186352,128.5714286,0.00656168,85.71428571,7,,0.023622047,300
03:25,84,0.00656168,85.71428571,0.007874016,85.71428571,0,0,0,0,8,,0.014435696,171.4285714
03:26,84,0.010498688,128.5714286,0.015748031,171.4285714,0.00656168,85.71428571,0,0,9,,0.032808399,385.7142857
03:28,84,0,0,0.007874016,85.71428571,0.00656168,85.71428571,0,0,8,,0.014435696,171.4285714
03:29,84,0.007874016,85.71428571,0.011811024,128.5714286,0,0,0,0,9,,0.019685039,214.2857143
03:31,84,0.00656168,85.71428571,0.007874016,85.71428571,0.00656168,85.71428571,0.00656168,85.71428571,7,,0.027559055,342.8571429
03:32,84,0.00656168,85.71428571,0.011811024,128.5714286,0.010498688,128.5714286,0,0,8,,0.028871391,342.8571429
03:34,84,0,0,0.011811024,128.5714286,0.009186352,128.5714286,0,0,8,,0.020997375,257.1428571
03:35,84,0.014435696,171.4285714,0.011811024,128.5714286,0.009186352,128.5714286,0.00656168,85.71428571,10,,0.041994751,514.2857143
03:36,84,0.011811024,128.5714286,0.011811024,128.5714286,0,0,0,0,10,,0.023622047,257.1428571
03:38,84,0,0,0,0,0,0,0,0,5,,0,0
03:39,84,0.00656168,85.71428571,0.007874016,85.71428571,0.00656168,85.71428571,0,0,5,,0.020997375,257.1428571
03:41,84,0,0,0,0,0,0,0,0,2,,0,0
03:42,84,0.009186352,128.5714286,0.011811024,128.5714286,0.00656168,85.71428571,0,0,5,,0.027559055,342.8571429
03:43,84,0,0,0,0,0.00656168,85.71428571,0,0,5,,0.00656168,85.71428571
03:45,84,0,0,0,0,0,0,0,0,4,,0,0
03:46,84,0,0,0,0,0,0,0,0,1,,0,0
03:48,84,0,0,0,0,0,0,0,0,0,,0,0
03:49,84,0,0,0.011811024,128.5714286,0,0,0,0,4,,0.011811024,128.5714286
03:51,84,0,0,0.015748031,171.4285714,0.01312336,171.4285714,0,0,8,,0.028871391,342.8571429
03:52,84,0.007874016,85.71428571,0.009186352,85.71428571,0,0,0,0,9,,0.017060367,171.4285714
03:53,84,0,0,0.011811024,128.5714286,0.015748031,214.2857143,0.00656168,85.71428571,10,,0.034120735,428.5714286
03:55,84,0.00656168,85.71428571,0.011811024,128.5714286,0.00656168,85.71428571,0,0,10,,0.024934383,300
03:56,84,0,0,0.007874016,85.71428571,0.005249344,85.71428571,0,0,8,,0.01312336,171.4285714
03:58,84,0.00656168,85.71428571,0.010498688,128.5714286,0.009186352,128.5714286,0.00656168,85.71428571,8,,0.032808399,428.5714286
03:59,84,0.011811024,128.5714286,0.020997375,214.2857143,0.009186352,128.5714286,0,0,11,,0.041994751,471.4285714
04:01,84,0.017060367,214.2857143,0.018372703,214.2857143,0,0,0,0,13,,0.035433071,428.5714286
04:02,84,0.009186352,128.5714286,0.015748031,171.4285714,0.00656168,85.71428571,0,0,14,,0.031496063,385.7142857
04:03,84,0,0,0.011811024,128.5714286,0.009186352,128.5714286,0,0,11,,0.020997375,257.1428571
04:05,84,0.00656168,85.71428571,0.007874016,85.71428571,0,0,0,0,8,,0.014435696,171.4285714
04:06,84,0,0,0,0,0,0,0,0,4,,0,0
04:08,84,0,0,0.007874016,85.71428571,0,0,0,0,4,,0.007874016,85.71428571
04:09,84,0,0,0,0,0,0,0,0,2,,0,0
04:10,84,0.00656168,85.71428571,0.007874016,85.71428571,0,0,0,0,4,,0.014435696,171.4285714
04:12,84,0.010498688,128.5714286,0.011811024,128.5714286,0,0,0,0,6,,0.022309711,257.1428571
04:13,84,0.010498688,128.5714286,0.011811024,128.5714286,0,0,0,0,8,,0.022309711,257.1428571
04:15,84,0.00656168,85.71428571,0.019685039,214.2857143,0.01312336,171.4285714,0,0,12,,0.039370079,471.4285714
04:16,84,0.00656168,85.71428571,0.011811024,128.5714286,0.00656168,85.71428571,0,0,11,,0.024934383,300
04:18,84,0,0,0,0,0,0,0,0,6,,0,0
04:19,84,0.00656168,85.71428571,0.011811024,128.5714286,0.010498688,128.5714286,0,0,6,,0.028871391,342.8571429
04:20,84,0.00656168,85.71428571,0.007874016,85.71428571,0.005249344,85.71428571,0,0,6,,0.019685039,257.1428571
04:22,84,0,0,0.014435696,171.4285714,0.009186352,128.5714286,0,0,9,,0.023622047,300
04:23,84,0.010498688,128.5714286,0.015748031,171.4285714,0.009186352,128.5714286,0,0,10,,0.035433071,428.5714286
04:25,84,0,0,0,0,0,0,0,0,6,,0,0
04:26,84,0.010498688,128.5714286,0.015748031,171.4285714,0.00656168,85.71428571,0,0,8,,0.032808399,385.7142857
04:28,84,0,0,0.007874016,85.71428571,0,0,0,0,7,,0.007874016,85.71428571
04:29,84,0.00656168,85.71428571,0.011811024,128.5714286,0.00656168,85.71428571,0,0,9,,0.024934383,300
04:30,84,0.00656168,85.71428571,0.011811024,128.5714286,0.00656168,85.71428571,0,0,8,,0.024934383,300
04:32,84,0.007874016,85.71428571,0.01312336,128.5714286,0,0,0,0,9,,0.020997375,214.2857143
04:33,84,0,0,0.007874016,85.71428571,0.00656168,85.71428571,0,0,8,,0.014435696,171.4285714
04:35,84,0.00656168,85.71428571,0.010498688,128.5714286,0.005249344,85.71428571,0,0,8,,0.022309711,300
04:36,84,0.01312336,171.4285714,0.015748031,171.4285714,0.00656168,85.71428571,0,0,9,,0.035433071,428.5714286
04:38,93,0.009186352,116.1290323,0.018372703,193.5483871,0.009186352,116.1290323,0,0,12,,0.036745407,425.8064516
04:39,93,0,0,0.009186352,77.41935484,0.011811024,116.1290323,0,0,11,,0.020997375,193.5483871
04:41,114,0,0,0.01312336,126.3157895,0.010498688,126.3157895,0,0,11,,0.023622047,252.6315789
04:43,39,0,0,0,0,0.019685039,276.9230769,0.014435696,184.6153846,12,,0.034120735,461.5384615
04:44,96,0.009186352,75,0.010498688,75,0.007874016,75,0,0,11,,0.027559055,225
04:46,83,0.010498688,130.1204819,0.019685039,216.8674699,0.009186352,130.1204819,0,0,13,,0.039370079,477.1084337
04:47,81,0.010498688,133.3333333,0.015748031,177.7777778,0.009186352,133.3333333,0,0,12,,0.035433071,444.4444444
04:49,76,0.00656168,94.73684211,0.015748031,189.4736842,0.005249344,94.73684211,0,0,13,,0.027559055,378.9473684
04:50,90,0.017060367,200,0.019685039,200,0.00656168,80,0,0,13,,0.043307087,480
04:51,77,0,0,0,0,0,0,0,0,8,,0,0
04:53,84,0.010498688,128.5714286,0.009186352,85.71428571,0,0,0,0,7,,0.019685039,214.2857143
04:54,84,0.011811024,128.5714286,0.019685039,214.2857143,0.009186352,128.5714286,0,0,9,,0.040682415,471.4285714
04:56,84,0.041994751,128.5714286,0.015748031,171.4285714,0.009186352,128.5714286,0,0,21,,0.066929134,428.5714286
04:57,84,0,0,0.007874016,85.71428571,0.00656168,85.71428571,0,0,17,,0.014435696,171.4285714
04:59,84,0.007874016,85.71428571,0.011811024,128.5714286,0,0,0,0,13,,0.019685039,214.2857143
05:00,84,0,0,0,0,0,0,0,0,4,,0,0
05:01,84,0.00656168,85.71428571,0.007874016,85.71428571,0,0,0,0,5,,0.014435696,171.4285714
05:03,84,0,0,0.011811024,128.5714286,0.014435696,171.4285714,0.009186352,85.71428571,7,,0.035433071,385.7142857
05:04,84,0.00656168,85.71428571,0.020997375,214.2857143,0.018372703,214.2857143,0,0,12,,0.045931759,514.2857143
05:06,83,0.007874016,130.1204819,0.018372703,216.8674699,0.011811024,173.4939759,0.005249344,86.74698795,14,,0.043307087,607.2289157
05:07,74,0.007874016,97.2972973,0.01312336,145.9459459,0.007874016,97.2972973,0,0,13,,0.028871391,340.5405405
05:08,84,0,0,0.015748031,171.4285714,0.01312336,171.4285714,0,0,12,,0.028871391,342.8571429
05:10,84,0.00656168,85.71428571,0.015748031,171.4285714,0.009186352,128.5714286,0,0,12,,0.031496063,385.7142857
05:11,84,0,0,0.011811024,128.5714286,0.005249344,85.71428571,0,0,11,,0.017060367,214.2857143
05:13,84,0,0,0,0,0.00656168,85.71428571,0.00656168,85.71428571,8,,0.01312336,171.4285714
05:14,84,0,0,0.007874016,85.71428571,0.00656168,85.71428571,0,0,6,,0.014435696,171.4285714
05:16,84,0,0,0.019685039,214.2857143,0.018372703,257.1428571,0,0,10,,0.038057743,471.4285714
05:17,84,0,0,0.011811024,128.5714286,0.009186352,128.5714286,0,0,10,,0.020997375,257.1428571
05:18,84,0.007874016,85.71428571,0.01312336,128.5714286,0.011811024,128.5714286,0,0,11,,0.032808399,342.8571429
05:20,84,0.022309711,257.1428571,0.028871391,300,0.00656168,85.71428571,0,0,15,,0.057742782,642.8571429
05:21,84,0.019685039,214.2857143,0.020997375,214.2857143,0.00656168,85.71428571,0,0,17,,0.047244094,514.2857143
05:23,84,0,0,0.007874016,85.71428571,0.010498688,128.5714286,0,0,14,,0.018372703,214.2857143
05:24,87,0.011811024,165.5172414,0.018372703,206.8965517,0.003937008,82.75862069,0,0,12,,0.034120735,455.1724138
05:26,71,0.020997375,202.8169014,0.031496063,304.2253521,0.011811024,152.1126761,0,0,17,,0.064304462,659.1549296
05:27,84,0,0,0.01312336,128.5714286,0.009186352,128.5714286,0,0,16,,0.022309711,257.1428571
05:28,84,0.018372703,214.2857143,0.028871391,300,0.00656168,85.71428571,0,0,18,,0.053805774,600
05:30,84,0.01312336,171.4285714,0.018372703,214.2857143,0,0,0,0,16,,0.031496063,385.7142857
05:31,64,0.010498688,112.5,0.019685039,168.75,0.010498688,112.5,0,0,16,,0.040682415,393.75
05:33,66,0.007874016,109.0909091,0.031496063,327.2727273,0.028871391,381.8181818,0.007874016,109.0909091,19,,0.076115486,927.2727273
05:34,65,0,0,0.009186352,110.7692308,0.007874016,110.7692308,0,0,14,,0.017060367,221.5384615
05:35,65,0.007874016,110.7692308,0.034120735,387.6923077,0.027559055,387.6923077,0,0,19,,0.069553806,886.1538462
05:37,65,0.007874016,110.7692308,0.01312336,166.1538462,0.007874016,110.7692308,0.009186352,110.7692308,15,,0.038057743,498.4615385
05:39,75,0.035433071,384,0.026246719,288,0.005249344,96,0,0,21,,0.066929134,768
05:40,55,0.015748031,196.3636364,0.030183727,327.2727273,0.01312336,196.3636364,0.010498688,130.9090909,21,,0.069553806,850.9090909
05:41,85,0.011811024,127.0588235,0.017060367,169.4117647,0.00656168,84.70588235,0,0,19,,0.035433071,381.1764706
05:43,82,0.00656168,87.80487805,0.020997375,219.5121951,0.010498688,131.7073171,0,0,17,,0.038057743,439.0243902
05:44,84,0.007874016,85.71428571,0.032808399,342.8571429,0.017060367,214.2857143,0,0,19,,0.057742782,642.8571429
05:46,89,0.010498688,121.3483146,0.026246719,283.1460674,0.01312336,202.247191,0,0,21,,0.049868766,606.741573
05:47,95,0.009186352,75.78947368,0.01312336,113.6842105,0.009186352,75.78947368,0,0,17,,0.031496063,265.2631579
05:49,95,0.011811024,113.6842105,0.027559055,265.2631579,0.010498688,113.6842105,0,0,17,,0.049868766,492.6315789
05:50,89,0.011811024,161.7977528,0.017060367,202.247191,0.007874016,121.3483146,0,0,15,,0.036745407,485.3932584
05:52,69,0.022309711,260.8695652,0.039370079,417.3913043,0.024934383,313.0434783,0.01312336,156.5217391,22,,0.099737533,1147.826087
05:53,84,0.014435696,171.4285714,0.024934383,257.1428571,0.015748031,214.2857143,0.010498688,128.5714286,21,,0.065616798,771.4285714
05:55,89,0.022309711,283.1460674,0.039370079,404.494382,0.017060367,202.247191,0,0,26,,0.078740157,889.8876404
05:57,115,0.011811024,93.91304348,0.027559055,281.7391304,0.015748031,187.826087,0,0,24,,0.05511811,563.4782609
05:59,105,0.010498688,102.8571429,0.017060367,171.4285714,0.015748031,171.4285714,0.009186352,68.57142857,19,,0.052493438,514.2857143
06:00,103,0.030183727,314.5631068,0.040682415,384.4660194,0.023622047,279.6116505,0.011811024,104.8543689,23,,0.106299213,1083.495146
06:02,41,0.022309711,263.4146341,0.035433071,351.2195122,0,0,0,0,25,,0.057742782,614.6341463
06:04,93,0.009186352,77.41935484,0.023622047,232.2580645,0.014435696,154.8387097,0,0,24,,0.047244094,464.516129
06:05,101,0.01312336,71.28712871,0.024934383,213.8613861,0.020997375,249.5049505,0.009186352,71.28712871,20,,0.06824147,605.9405941
06:07,101,0.01312336,71.28712871,0.024934383,213.8613861,0.020997375,249.5049505,0.009186352,71.28712871,19,,0.06824147,605.9405941
06:09,154,0.022309711,233.7662338,0.034120735,327.2727273,0.011811024,140.2597403,0,0,22,,0.06824147,701.2987013
06:10,39,0.014435696,184.6153846,0.035433071,369.2307692,0.028871391,369.2307692,0.015748031,184.6153846,25,,0.094488189,1107.692308
06:12,89,0.007874016,80.8988764,0.020997375,202.247191,0.022309711,283.1460674,0.00656168,80.8988764,22,,0.057742782,647.1910112
06:13,96,0.022309711,262.5,0.039370079,412.5,0.018372703,225,0.007874016,75,25,,0.087926509,975
06:14,67,0.035433071,376.119403,0.052493438,537.3134328,0.028871391,376.119403,0.009186352,107.4626866,32,,0.125984252,1397.014925
06:16,83,0.017060367,173.4939759,0.038057743,390.3614458,0.019685039,260.2409639,0,0,33,,0.07480315,824.0963855
06:18,102,0.023622047,247.0588235,0.028871391,282.3529412,0.01312336,141.1764706,0,0,28,,0.065616798,670.5882353
06:19,102,0.023622047,247.0588235,0.028871391,282.3529412,0.01312336,141.1764706,0,0,24,,0.065616798,670.5882353
06:21,158,0.014435696,159.4936709,0.040682415,432.9113924,0.022309711,296.2025316,0.00656168,68.35443038,26,,0.083989501,956.9620253
06:23,98,0.027559055,257.1428571,0.045931759,440.8163265,0.023622047,257.1428571,0,0,31,,0.097112861,955.1020408
06:25,113,0.019685039,223.0088496,0.022309711,223.0088496,0.00656168,63.71681416,0,0,26,,0.04855643,509.7345133
06:27,115,0.027559055,281.7391304,0.045931759,469.5652174,0.017060367,219.1304348,0,0,29,,0.090551181,970.4347826
06:29,110,0.022309711,229.0909091,0.023622047,229.0909091,0.026246719,327.2727273,0.023622047,261.8181818,24,,0.095800525,1047.272727
06:31,52,0.014435696,207.6923077,0.038057743,415.3846154,0.018372703,276.9230769,0,0,27,,0.070866142,900
06:32,94,0.019685039,191.4893617,0.039370079,382.9787234,0.015748031,191.4893617,0,0,27,,0.07480315,765.9574468
06:34,99,0.024934383,290.9090909,0.040682415,436.3636364,0.027559055,363.6363636,0.005249344,72.72727273,30,,0.098425197,1163.636364
06:36,89,0.017060367,202.247191,0.051181102,525.8426966,0.034120735,444.9438202,0.009186352,121.3483146,34,,0.111548556,1294.382022
06:38,114,0.020997375,157.8947368,0.041994751,347.3684211,0.030183727,347.3684211,0,0,34,,0.093175853,852.6315789
06:40,117,0.027559055,276.9230769,0.044619423,430.7692308,0.023622047,276.9230769,0.009186352,92.30769231,34,,0.104986877,1076.923077
06:42,96,0.043307087,375,0.057742782,525,0.038057743,450,0.015748031,150,38,,0.154855643,1500
06:44,101,0.047244094,427.7227723,0.05511811,534.6534653,0.036745407,463.3663366,0.01312336,106.9306931,41,,0.152230971,1532.673267
06:46,96,0.039370079,375,0.070866142,675,0.04855643,525,0.023622047,225,48,,0.182414698,1800
06:48,96,0.028871391,262.5,0.064304462,637.5,0.051181102,675,0.028871391,337.5,49,,0.173228346,1912.5
06:50,96,0.038057743,375,0.057742782,525,0.031496063,337.5,0.015748031,150,48,,0.143044619,1387.5
06:52,96,0.045931759,450,0.076115486,750,0.05511811,600,0.019685039,150,51,,0.196850394,1950
06:54,96,0.040682415,450,0.081364829,862.5,0.066929134,825,0.017060367,187.5,57,,0.206036745,2325
06:56,96,0.053805774,525,0.072178478,712.5,0.05511811,675,0.019685039,225,58,,0.200787402,2137.5
06:58,96,0.036745407,375,0.05511811,562.5,0.027559055,375,0.010498688,112.5,51,,0.12992126,1425
07:00,93,0.040682415,309.6774194,0.05511811,503.2258065,0.049868766,619.3548387,0.018372703,232.2580645,45,,0.164041995,1664.516129
07:02,93,0.040682415,309.6774194,0.05511811,503.2258065,0.049868766,619.3548387,0.018372703,232.2580645,42,,0.164041995,1664.516129
07:04,105,0.072178478,685.7142857,0.091863517,822.8571429,0.06167979,617.1428571,0.031496063,240,55,,0.257217848,2365.714286
07:06,86,0.045931759,460.4651163,0.049868766,418.6046512,0.041994751,460.4651163,0.009186352,125.5813953,49,,0.146981627,1465.116279
07:08,93,0.04855643,425.8064516,0.066929134,619.3548387,0.035433071,387.0967742,0.009186352,77.41935484,51,,0.160104987,1509.677419
07:10,119,0.052493438,574.789916,0.085301837,877.3109244,0.052493438,665.5462185,0.014435696,151.2605042,54,,0.204724409,2268.907563
07:12,119,0.052493438,574.789916,0.085301837,877.3109244,0.052493438,665.5462185,0.014435696,151.2605042,62,,0.204724409,2268.907563
07:14,118,0.047244094,488.1355932,0.072178478,701.6949153,0.045931759,579.6610169,0.017060367,183.0508475,61,,0.182414698,1952.542373
07:16,97,0.049868766,556.7010309,0.072178478,742.2680412,0.049868766,630.9278351,0.019685039,222.6804124,57,,0.19160105,2152.57732
07:18,96,0.060367454,675,0.114173228,1200,0.072178478,900,0.010498688,112.5,69,,0.257217848,2887.5
07:20,93,0.057742782,619.3548387,0.089238845,929.0322581,0.059055118,774.1935484,0.015748031,193.5483871,71,,0.221784777,2516.129032
07:22,93,0.066929134,735.483871,0.090551181,890.3225806,0.047244094,580.6451613,0.014435696,154.8387097,73,,0.219160105,2361.290323
07:24,93,0.066929134,735.483871,0.090551181,890.3225806,0.047244094,580.6451613,0.014435696,154.8387097,69,,0.219160105,2361.290323
07:26,110,0.047244094,490.9090909,0.07480315,687.2727273,0.06824147,818.1818182,0.024934383,261.8181818,64,,0.215223097,2258.181818
07:28,93,0.034120735,348.3870968,0.081364829,774.1935484,0.062992126,735.483871,0.026246719,309.6774194,69,,0.204724409,2167.741935
07:30,93,0.034120735,348.3870968,0.081364829,774.1935484,0.062992126,735.483871,0.026246719,309.6774194,66,,0.204724409,2167.741935
07:32,98,0.049868766,477.5510204,0.078740157,734.6938776,0.052493438,624.4897959,0.01312336,110.2040816,65,,0.194225722,1946.938776
07:34,93,0.066929134,696.7741935,0.085301837,812.9032258,0.051181102,658.0645161,0.011811024,154.8387097,63,,0.215223097,2322.580645
07:36,93,0.043307087,425.8064516,0.090551181,851.6129032,0.072178478,812.9032258,0.028871391,309.6774194,66,,0.234908136,2400
07:38,96,0.066929134,637.5,0.097112861,937.5,0.082677165,975,0.018372703,187.5,70,,0.265091864,2737.5
07:40,96,0.066929134,637.5,0.097112861,937.5,0.082677165,975,0.018372703,187.5,73,,0.265091864,2737.5
07:42,109,0.038057743,396.3302752,0.05511811,561.4678899,0.041994751,528.440367,0.017060367,198.1651376,60,,0.152230971,1684.40367
07:44,93,0.11023622,696.7741935,0.104986877,812.9032258,0.095800525,1083.870968,0.032808399,348.3870968,68,,0.343832021,2941.935484
07:46,97,0.062992126,630.9278351,0.099737533,1039.175258,0.069553806,853.6082474,0.022309711,259.7938144,71,,0.254593176,2783.505155
07:48,96,0.052493438,562.5,0.102362205,937.5,0.087926509,975,0.030183727,337.5,79,,0.272965879,2812.5
07:50,93,0.057742782,658.0645161,0.078740157,774.1935484,0.069553806,851.6129032,0.024934383,309.6774194,69,,0.230971129,2593.548387
07:52,93,0.091863517,696.7741935,0.076115486,774.1935484,0.070866142,890.3225806,0.022309711,270.9677419,68,,0.261154856,2632.258065
07:54,98,0.093175853,477.5510204,0.078740157,477.5510204,0.102362205,661.2244898,0.07480315,293.877551,71,,0.349081365,1910.204082
07:56,93,0.053805774,580.6451613,0.085301837,890.3225806,0.06824147,812.9032258,0.015748031,193.5483871,70,,0.223097113,2477.419355
07:58,114,0.073490814,663.1578947,0.070866142,694.7368421,0.049868766,600,0.031496063,315.7894737,64,,0.225721785,2273.684211
08:00,114,0.073490814,663.1578947,0.070866142,694.7368421,0.049868766,600,0.031496063,315.7894737,58,,0.225721785,2273.684211
08:02,105,0.053805774,548.5714286,0.094488189,891.4285714,0.06824147,822.8571429,0.009186352,102.8571429,63,,0.225721785,2365.714286
08:04,93,0.069553806,580.6451613,0.082677165,735.483871,0.053805774,541.9354839,0.01312336,154.8387097,64,,0.219160105,2012.903226
08:06,93,0.062992126,619.3548387,0.107611549,1006.451613,0.07480315,851.6129032,0.023622047,232.2580645,74,,0.269028871,2709.677419
08:08,93,0.052493438,580.6451613,0.086614173,890.3225806,0.06824147,812.9032258,0.020997375,193.5483871,71,,0.228346457,2477.419355
08:10,93,0.047244094,464.516129,0.098425197,851.6129032,0.072178478,696.7741935,0.017060367,154.8387097,74,,0.234908136,2167.741935
08:12,93,0.07480315,851.6129032,0.103674541,1045.16129,0.087926509,929.0322581,0.052493438,464.516129,75,,0.318897638,3290.322581
08:14,93,0.077427822,812.9032258,0.094488189,967.7419355,0.089238845,1122.580645,0.036745407,387.0967742,75,,0.297900262,3290.322581
08:16,93,0.077427822,812.9032258,0.094488189,967.7419355,0.089238845,1122.580645,0.036745407,387.0967742,74,,0.297900262,3290.322581
08:18,119,0.059055118,544.5378151,0.070866142,726.0504202,0.056430446,695.7983193,0.01312336,151.2605042,64,,0.199475066,2117.647059
08:20,93,0.04855643,580.6451613,0.057742782,619.3548387,0.024934383,309.6774194,0.018372703,232.2580645,53,,0.149606299,1741.935484
08:22,96,0.101049869,787.5,0.097112861,825,0.081364829,900,0.035433071,337.5,61,,0.31496063,2850
08:25,93,0.122047244,1200,0.132545932,1238.709677,0.082677165,929.0322581,0.024934383,270.9677419,77,,0.362204724,3638.709677
08:26,93,0.122047244,1200,0.132545932,1238.709677,0.082677165,929.0322581,0.024934383,270.9677419,93,,0.362204724,3638.709677
08:28,98,0.108923885,624.4897959,0.089238845,881.6326531,0.086614173,1028.571429,0.041994751,477.5510204,91,,0.326771654,3012.244898
08:30,99,0.095800525,654.5454545,0.081364829,618.1818182,0.062992126,618.1818182,0.045931759,509.0909091,82,,0.286089239,2400
08:32,99,0.095800525,654.5454545,0.081364829,618.1818182,0.062992126,618.1818182,0.045931759,509.0909091,75,,0.286089239,2400
08:34,99,0.066929134,618.1818182,0.083989501,836.3636364,0.062992126,763.6363636,0.038057743,400,69,,0.251968504,2618.181818
08:36,100,0.05511811,540,0.095800525,900,0.07480315,828,0.020997375,216,70,,0.24671916,2484
08:38,86,0.080052493,711.627907,0.083989501,669.7674419,0.076115486,837.2093023,0.043307087,502.3255814,67,,0.283464567,2720.930233
08:40,93,0.073490814,735.483871,0.101049869,1006.451613,0.072178478,851.6129032,0.028871391,309.6774194,72,,0.275590551,2903.225806
08:42,93,0.072178478,735.483871,0.094488189,890.3225806,0.064304462,735.483871,0.026246719,232.2580645,72,,0.257217848,2593.548387
08:44,93,0.069553806,619.3548387,0.065616798,580.6451613,0.066929134,774.1935484,0.034120735,387.0967742,65,,0.236220472,2361.290323
08:46,93,0.069553806,619.3548387,0.065616798,580.6451613,0.066929134,774.1935484,0.034120735,387.0967742,57,,0.236220472,2361.290323
08:48,115,0.073490814,626.0869565,0.085301837,720,0.072178478,845.2173913,0.030183727,313.0434783,58,,0.261154856,2504.347826
08:50,87,0.082677165,827.5862069,0.101049869,993.1034483,0.064304462,703.4482759,0.040682415,455.1724138,68,,0.288713911,2979.310345
08:52,93,0.056430446,348.3870968,0.072178478,658.0645161,0.056430446,658.0645161,0.019685039,232.2580645,64,,0.204724409,1896.774194
08:54,93,0.122047244,774.1935484,0.097112861,890.3225806,0.089238845,1006.451613,0.045931759,464.516129,77,,0.354330709,3135.483871
08:56,97,0.085301837,853.6082474,0.107611549,1002.061856,0.086614173,1002.061856,0.030183727,334.0206186,80,,0.309711286,3191.752577
08:58,91,0.099737533,909.8901099,0.097112861,949.4505495,0.064304462,791.2087912,0.035433071,395.6043956,82,,0.296587927,3046.153846
09:00,93,0.077427822,851.6129032,0.083989501,851.6129032,0.04855643,619.3548387,0.030183727,348.3870968,72,,0.24015748,2670.967742
09:02,93,0.077427822,851.6129032,0.083989501,851.6129032,0.04855643,619.3548387,0.030183727,348.3870968,67,,0.24015748,2670.967742
09:04,109,0.070866142,495.412844,0.089238845,693.5779817,0.062992126,759.6330275,0.023622047,264.2201835,66,,0.24671916,2212.844037
09:06,93,0.073490814,696.7741935,0.094488189,812.9032258,0.062992126,696.7741935,0.020997375,270.9677419,69,,0.251968504,2477.419355
09:09,98,0.06824147,661.2244898,0.120734908,1138.77551,0.101049869,1102.040816,0.035433071,293.877551,70,,0.325459318,3195.918367
09:10,98,0.06824147,661.2244898,0.120734908,1138.77551,0.101049869,1102.040816,0.035433071,293.877551,80,,0.325459318,3195.918367
09:12,97,0.081364829,742.2680412,0.090551181,890.7216495,0.066929134,742.2680412,0.028871391,296.9072165,77,,0.267716535,2672.164948
09:14,93,0.090551181,812.9032258,0.114173228,1122.580645,0.073490814,890.3225806,0.024934383,309.6774194,82,,0.303149606,3135.483871
09:16,93,0.083989501,658.0645161,0.106299213,1006.451613,0.06824147,774.1935484,0.026246719,270.9677419,80,,0.284776903,2709.677419
09:18,93,0.080052493,658.0645161,0.097112861,890.3225806,0.066929134,735.483871,0.023622047,270.9677419,79,,0.267716535,2554.83871
09:20,93,0.080052493,658.0645161,0.097112861,890.3225806,0.066929134,735.483871,0.023622047,270.9677419,76,,0.267716535,2554.83871
09:22,97,0.069553806,630.9278351,0.080052493,742.2680412,0.069553806,742.2680412,0.024934383,222.6804124,68,,0.244094488,2338.14433
09:24,97,0.069553806,630.9278351,0.080052493,742.2680412,0.069553806,742.2680412,0.024934383,222.6804124,64,,0.244094488,2338.14433
09:26,103,0.060367454,594.1747573,0.106299213,978.6407767,0.083989501,908.7378641,0.038057743,384.4660194,70,,0.288713911,2866.019417
09:28,92,0.038057743,391.3043478,0.081364829,665.2173913,0.066929134,665.2173913,0.014435696,117.3913043,68,,0.200787402,1839.130435
09:31,93,0.07480315,735.483871,0.106299213,929.0322581,0.076115486,812.9032258,0.028871391,309.6774194,75,,0.286089239,2787.096774
09:32,93,0.091863517,929.0322581,0.11023622,1045.16129,0.083989501,967.7419355,0.034120735,348.3870968,78,,0.320209974,3290.322581
09:35,93,0.091863517,929.0322581,0.11023622,1045.16129,0.083989501,967.7419355,0.034120735,348.3870968,83,,0.320209974,3290.322581
09:37,124,0.06824147,638.7096774,0.077427822,783.8709677,0.070866142,870.9677419,0.039370079,464.516129,73,,0.255905512,2758.064516
09:39,89,0.097112861,606.741573,0.095800525,849.4382022,0.06824147,849.4382022,0.032808399,404.494382,71,,0.293963255,2710.11236
09:41,93,0.093175853,851.6129032,0.120734908,1083.870968,0.085301837,1006.451613,0.045931759,503.2258065,79,,0.345144357,3445.16129
09:43,93,0.06824147,658.0645161,0.104986877,967.7419355,0.080052493,929.0322581,0.039370079,425.8064516,83,,0.292650919,2980.645161
09:45,93,0.064304462,541.9354839,0.124671916,1200,0.089238845,1045.16129,0.020997375,232.2580645,89,,0.299212598,3019.354839
09:47,105,0.065616798,685.7142857,0.1167979,1097.142857,0.095800525,1062.857143,0.028871391,240,89,,0.307086614,3085.714286
09:49,105,0.065616798,685.7142857,0.1167979,1097.142857,0.095800525,1062.857143,0.028871391,240,90,,0.307086614,3085.714286
09:51,109,0.07480315,693.5779817,0.106299213,990.8256881,0.060367454,660.5504587,0.030183727,297.2477064,85,,0.271653543,2642.201835
09:53,99,0.077427822,654.5454545,0.125984252,1163.636364,0.101049869,1054.545455,0.043307087,363.6363636,90,,0.347769029,3236.363636
09:55,87,0.111548556,993.1034483,0.111548556,1034.482759,0.07480315,827.5862069,0.032808399,331.0344828,88,,0.330708661,3186.206897
09:57,92,0.082677165,821.7391304,0.108923885,1017.391304,0.077427822,860.8695652,0.027559055,313.0434783,87,,0.296587927,3013.043478
09:59,117,0.043307087,461.5384615,0.090551181,861.5384615,0.062992126,646.1538462,0.015748031,92.30769231,77,,0.212598425,2061.538462
10:01,117,0.043307087,461.5384615,0.090551181,861.5384615,0.062992126,646.1538462,0.015748031,92.30769231,72,,0.212598425,2061.538462
10:03,149,0.069553806,507.3825503,0.066929134,604.0268456,0.06167979,700.6711409,0.018372703,169.1275168,62,,0.216535433,1981.208054
10:05,61,0.120734908,590.1639344,0.114173228,944.2622951,0.1167979,1062.295082,0.049868766,472.1311475,74,,0.401574803,3068.852459
10:07,76,0.124671916,852.6315789,0.124671916,852.6315789,0.12992126,1089.473684,0.064304462,521.0526316,87,,0.443569554,3315.789474
10:09,71,0.18503937,456.3380282,0.108923885,811.2676056,0.103674541,1064.788732,0.051181102,456.3380282,116,,0.448818898,2788.732394
10:11,69,0.188976378,521.7391304,0.090551181,678.2608696,0.1167979,1095.652174,0.041994751,417.3913043,133,,0.43832021,2713.043478
10:13,73,0.199475066,147.9452055,0.192913386,295.890411,0.124671916,936.9863014,0.038057743,394.5205479,147,,0.55511811,1775.342466
10:15,81,0.194225722,222.2222222,0.187664042,400,0.12335958,533.3333333,0.097112861,577.7777778,148,,0.602362205,1733.333333
10:17,92,0.186351706,508.6956522,0.160104987,821.7391304,0.124671916,1134.782609,0.053805774,508.6956522,146,,0.524934383,2973.913043
10:19,72,0.19160105,400,0.131233596,550,0.181102362,500,0.101049869,200,145,,0.604986877,1650
10:21,72,0.187664042,550,0.12992126,1050,0.141732283,1350,0.065616798,650,144,,0.524934383,3600
10:23,72,0.17191601,750,0.128608924,750,0.156167979,1150,0.082677165,750,138,,0.539370079,3400
10:25,72,0.132545932,550,0.148293963,1050,0.127296588,1150,0.044619423,450,126,,0.452755906,3200
10:27,68,0.161417323,741.1764706,0.12335958,847.0588235,0.146981627,1323.529412,0.040682415,423.5294118,121,,0.472440945,3335.294118
10:29,85,0.118110236,550.5882353,0.099737533,550.5882353,0.094488189,847.0588235,0.038057743,423.5294118,106,,0.350393701,2371.764706
10:31,109,0.181102362,363.3027523,0.106299213,858.7155963,0.083989501,825.6880734,0.041994751,462.3853211,119,,0.413385827,2510.091743
10:33,93,0.170603675,735.483871,0.076115486,541.9354839,0.069553806,658.0645161,0.023622047,232.2580645,124,,0.339895013,2167.741935
10:35,90,0.125984252,640,0.108923885,960,0.089238845,1040,0.023622047,280,116,,0.347769029,2920
10:37,121,0.104986877,624.7933884,0,0,0.05511811,952.0661157,0,0,96,,0.160104987,1576.859504
10:39,93,0.132545932,464.516129,0.089238845,658.0645161,0.097112861,812.9032258,0.056430446,464.516129,93,,0.375328084,2400
10:41,92,0.162729659,743.4782609,0.102362205,860.8695652,0.095800525,1095.652174,0.015748031,195.6521739,107,,0.37664042,2895.652174
10:43,78,0.157480315,830.7692308,0.141732283,1153.846154,0.104986877,969.2307692,0.045931759,461.5384615,117,,0.450131234,3415.384615
10:45,67,0.164041995,752.238806,0.152230971,1074.626866,0.132545932,1289.552239,0.039370079,429.8507463,123,,0.488188976,3546.268657
10:47,72,0.107611549,800,0.131233596,1000,0.132545932,1200,0.030183727,300,113,,0.401574803,3300
10:49,73,0.170603675,591.7808219,0.119422572,641.0958904,0.12335958,1084.931507,0.052493438,493.1506849,119,,0.465879265,2810.958904
10:51,81,0.12335958,533.3333333,0.089238845,755.5555556,0.07480315,755.5555556,0.019685039,222.2222222,107,,0.307086614,2266.666667
10:53,119,0.094488189,695.7983193,0.06167979,544.5378151,0.066929134,786.5546218,0.022309711,242.0168067,92,,0.245406824,2268.907563
10:55,90,0.106299213,680,0.118110236,1000,0.069553806,840,0.022309711,280,85,,0.316272966,2800
10:57,92,0.051181102,626.0869565,0.085301837,1095.652174,0.066929134,1252.173913,0,0,75,,0.203412073,2973.913043
10:59,94,0.081364829,651.0638298,0.111548556,995.7446809,0.099737533,995.7446809,0.030183727,306.3829787,80,,0.322834646,2948.93617
11:01,89,0.057742782,606.741573,0.102362205,970.7865169,0.082677165,849.4382022,0.040682415,444.9438202,77,,0.283464567,2871.910112
11:03,118,0.070866142,518.6440678,0.091863517,854.2372881,0.064304462,762.7118644,0.031496063,335.5932203,76,,0.258530184,2471.186441
11:05,120,0.060367454,570,0.062992126,630,0.051181102,570,0.017060367,180,62,,0.19160105,1950
11:07,100,0.05511811,540,0.077427822,720,0.069553806,720,0.035433071,360,58,,0.237532808,2340
11:09,91,0.069553806,632.967033,0.083989501,791.2087912,0.05511811,632.967033,0.028871391,356.043956,59,,0.237532808,2413.186813
11:11,69,0.1167979,678.2608696,0.108923885,834.7826087,0.094488189,782.6086957,0.066929134,521.7391304,74,,0.387139108,2817.391304
11:13,119,0.196850394,60.50420168,0.053805774,514.2857143,0.077427822,907.5630252,0.032808399,363.0252101,111,,0.360892388,1845.378151
11:15,92,0.195538058,234.7826087,0.064304462,508.6956522,0.072178478,704.3478261,0.020997375,195.6521739,136,,0.353018373,1643.478261
11:17,93,0.192913386,309.6774194,0.120734908,193.5483871,0.082677165,812.9032258,0.031496063,348.3870968,148,,0.427821522,1664.516129
11:19,66,0.179790026,818.1818182,0.12992126,981.8181818,0.119422572,1036.363636,0.051181102,545.4545455,143,,0.480314961,3381.818182
11:21,90,0.12335958,840,0.125984252,1040,0.115485564,1320,0.031496063,360,121,,0.396325459,3560
11:23,94,0.099737533,612.7659574,0.099737533,842.5531915,0.06824147,689.3617021,0.044619423,459.5744681,96,,0.312335958,2604.255319
11:25,108,0.093175853,633.3333333,0.098425197,833.3333333,0.053805774,633.3333333,0.032808399,366.6666667,80,,0.278215223,2466.666667
11:27,90,0.065616798,560,0.077427822,760,0.06824147,800,0.020997375,240,68,,0.232283465,2360
11:29,90,0.093175853,720,0.11023622,760,0.087926509,720,0.038057743,360,74,,0.329396325,2560
11:31,94,0.085301837,689.3617021,0.095800525,842.5531915,0.072178478,1034.042553,0,0,74,,0.25328084,2565.957447
11:33,69,0.119422572,260.8695652,0.112860892,678.2608696,0.112860892,886.9565217,0.047244094,365.2173913,84,,0.392388451,2191.304348
11:35,73,0.125984252,936.9863014,0.111548556,1035.616438,0.099737533,1035.616438,0.035433071,394.5205479,89,,0.372703412,3402.739726
11:37,69,0.106299213,417.3913043,0.098425197,521.7391304,0.072178478,469.5652174,0.043307087,260.8695652,88,,0.320209974,1669.565217
11:39,70,0.104986877,514.2857143,0.099737533,720,0.080052493,771.4285714,0.019685039,205.7142857,84,,0.304461942,2211.428571
11:41,69,0.07480315,730.4347826,0.102362205,939.1304348,0.077427822,886.9565217,0.028871391,313.0434783,79,,0.283464567,2869.565217
11:43,68,0.102362205,635.2941176,0.106299213,741.1764706,0.107611549,900,0.041994751,370.5882353,80,,0.358267717,2647.058824
11:45,73,0.098425197,838.3561644,0.103674541,887.6712329,0.112860892,1084.931507,0.052493438,542.4657534,83,,0.367454068,3353.424658
11:47,95,0.070866142,568.4210526,0.086614173,757.8947368,0.098425197,1023.157895,0.031496063,341.0526316,80,,0.287401575,2690.526316
11:49,84,0.107611549,342.8571429,0.102362205,557.1428571,0.078740157,814.2857143,0.034120735,385.7142857,81,,0.322834646,2100
11:50,90,0.12335958,680,0.102362205,760,0.086614173,680,0.031496063,320,86,,0.343832021,2440
11:52,84,0.195538058,257.1428571,0.1167979,557.1428571,0.11023622,728.5714286,0.052493438,471.4285714,116,,0.475065617,2014.285714
11:54,86,0.195538058,251.1627907,0.119422572,293.0232558,0.086614173,837.2093023,0.040682415,460.4651163,137,,0.442257218,1841.860465
11:56,123,0.19160105,263.4146341,0.076115486,175.6097561,0.060367454,351.2195122,0.043307087,439.0243902,148,,0.371391076,1229.268293
11:58,80,0.188976378,405,0.111548556,810,0.120734908,990,0.056430446,495,146,,0.477690289,2700
12:00,98,0.17191601,661.2244898,0.098425197,624.4897959,0.106299213,1028.571429,0.043307087,440.8163265,139,,0.419947507,2755.102041
12:02,69,0,0,0.124671916,469.5652174,0.12335958,626.0869565,0.070866142,730.4347826,118,,0.318897638,1826.086957
12:04,69,0.199475066,156.5217391,0.164041995,782.6086957,0.153543307,1095.652174,0.053805774,573.9130435,129,,0.570866142,2608.695652
12:06,74,0.190288714,340.5405405,0.093175853,729.7297297,0.083989501,778.3783784,0.017060367,194.5945946,136,,0.384514436,2043.243243
12:08,69,0.195538058,313.0434783,0.17847769,678.2608696,0.156167979,1043.478261,0.066929134,469.5652174,148,,0.597112861,2504.347826
12:10,69,0.177165354,730.4347826,0.108923885,730.4347826,0.1167979,782.6086957,0.107611549,417.3913043,142,,0.510498688,2660.869565
12:12,90,0.132545932,680,0.118110236,840,0.095800525,1080,0.017060367,200,123,,0.36351706,2800
12:14,121,0.051181102,476.0330579,0.102362205,952.0661157,0.077427822,922.3140496,0.020997375,238.0165289,98,,0.251968504,2588.429752
12:16,107,0.076115486,471.0280374,0.104986877,908.411215,0.076115486,908.411215,0.017060367,168.2242991,84,,0.274278215,2456.074766
12:18,94,0.087926509,842.5531915,0.114173228,1072.340426,0.07480315,880.8510638,0.010498688,114.893617,83,,0.287401575,2910.638298
12:20,70,0.097112861,565.7142857,0.186351706,411.4285714,0.18503937,462.8571429,0.076115486,514.2857143,110,,0.544619423,1954.285714
12:22,86,0.128608924,753.4883721,0.133858268,586.0465116,0.106299213,502.3255814,0.091863517,586.0465116,112,,0.460629921,2427.906977
12:24,119,0.070866142,574.789916,0.097112861,847.0588235,0.085301837,786.5546218,0.023622047,211.7647059,98,,0.276902887,2420.168067
12:26,92,0.082677165,704.3478261,0.106299213,978.2608696,0.083989501,782.6086957,0.034120735,313.0434783,83,,0.307086614,2778.26087
12:28,93,0.076115486,580.6451613,0.122047244,503.2258065,0.192913386,425.8064516,0.034120735,270.9677419,109,,0.42519685,1780.645161
12:30,68,0.104986877,952.9411765,0.131233596,1005.882353,0.127296588,847.0588235,0.06167979,476.4705882,111,,0.42519685,3282.352941
12:32,69,0.093175853,626.0869565,0.133858268,834.7826087,0.122047244,886.9565217,0.036745407,365.2173913,111,,0.385826772,2713.043478
12:34,89,0.179790026,525.8426966,0.122047244,525.8426966,0.06824147,647.1910112,0.018372703,202.247191,117,,0.388451444,1901.123596
12:36,98,0.188976378,330.6122449,0.120734908,734.6938776,0.125984252,624.4897959,0.06167979,404.0816327,132,,0.497375328,2093.877551
12:38,76,0.118110236,710.5263158,0.125984252,994.7368421,0.112860892,1042.105263,0.072178478,663.1578947,121,,0.429133858,3410.526316
12:40,92,0.07480315,391.3043478,0.107611549,900,0.082677165,900,0.020997375,234.7826087,100,,0.286089239,2426.086957
12:42,66,0.179790026,545.4545455,0.124671916,654.5454545,0.101049869,600,0.053805774,381.8181818,110,,0.459317585,2181.818182
12:44,92,0.094488189,782.6086957,0.112860892,978.2608696,0.091863517,939.1304348,0.011811024,117.3913043,102,,0.311023622,2817.391304
12:46,80,0.122047244,630,0.107611549,585,0.104986877,990,0.020997375,225,100,,0.355643045,2430
12:48,70,0.195538058,308.5714286,0.127296588,977.1428571,0.114173228,1131.428571,0.007874016,102.8571429,117,,0.44488189,2520
12:50,66,0.108923885,436.3636364,0.122047244,927.2727273,0.106299213,981.8181818,0.026246719,272.7272727,111,,0.36351706,2618.181818
12:52,60,0.18503937,540,0.154855643,1080,0.125984252,1020,0.044619423,360,127,,0.510498688,3000
12:54,59,0.188976378,427.1186441,0.107611549,732.2033898,0.11023622,915.2542373,0.036745407,366.1016949,132,,0.443569554,2440.677966
12:56,57,0.190288714,442.1052632,0.132545932,378.9473684,0.181102362,568.4210526,0.05511811,442.1052632,144,,0.559055118,1831.578947
12:58,75,0.187664042,528,0.170603675,720,0.188976378,432,0.124671916,432,144,,0.67191601,2112
13:00,67,0.17847769,483.5820896,0.131233596,698.5074627,0.167979003,1128.358209,0.076115486,698.5074627,141,,0.553805774,3008.955224
13:02,108,0.094488189,666.6666667,0.086614173,800,0.078740157,766.6666667,0.030183727,266.6666667,109,,0.290026247,2500
13:04,82,0.107611549,965.8536585,0.119422572,1053.658537,0.087926509,834.1463415,0.036745407,351.2195122,95,,0.351706037,3204.878049
13:06,67,0.078740157,591.0447761,0.095800525,698.5074627,0.073490814,752.238806,0.040682415,376.119403,79,,0.288713911,2417.910448
13:08,119,0.057742782,605.0420168,0.080052493,786.5546218,0.056430446,605.0420168,0.019685039,211.7647059,72,,0.213910761,2208.403361
13:10,66,0.089238845,654.5454545,0.112860892,927.2727273,0.114173228,1036.363636,0.052493438,490.9090909,75,,0.368766404,3109.090909
13:12,92,0.064304462,626.0869565,0.119422572,1095.652174,0.115485564,1330.434783,0.026246719,273.9130435,83,,0.325459318,3326.086957
13:14,71,0.173228346,557.7464789,0.125984252,861.971831,0.093175853,811.2676056,0.036745407,304.2253521,109,,0.429133858,2535.211268
13:16,76,0.112860892,615.7894737,0.118110236,805.2631579,0.099737533,1089.473684,0.051181102,521.0526316,104,,0.381889764,3031.578947
13:18,98,0.114173228,771.4285714,0.119422572,881.6326531,0.083989501,918.3673469,0.020997375,183.6734694,100,,0.338582677,2755.102041
13:20,87,0.082677165,331.0344828,0.077427822,455.1724138,0.080052493,662.0689655,0.044619423,372.4137931,78,,0.284776903,1820.689655
13:22,66,0.192913386,327.2727273,0.114173228,872.7272727,0.093175853,763.6363636,0.052493438,490.9090909,107,,0.452755906,2454.545455
13:24,90,0.093175853,520,0.11023622,960,0.080052493,880,0.044619423,480,100,,0.32808399,2840
13:26,121,0.07480315,714.0495868,0.085301837,833.0578512,0.076115486,862.8099174,0.030183727,297.5206612,89,,0.266404199,2707.438017
13:28,91,0.044619423,474.7252747,0.077427822,712.0879121,0.049868766,593.4065934,0.010498688,118.6813187,66,,0.182414698,1898.901099
13:30,95,0.095800525,568.4210526,0.097112861,644.2105263,0.094488189,871.5789474,0.023622047,189.4736842,67,,0.311023622,2273.684211
13:32,92,0.173228346,626.0869565,0.170603675,704.3478261,0.119422572,978.2608696,0.082677165,273.9130435,97,,0.545931759,2582.608696
13:34,69,0.081364829,626.0869565,0.131233596,1043.478261,0.127296588,1252.173913,0.043307087,417.3913043,105,,0.3832021,3339.130435
13:36,77,0.06167979,561.038961,0.108923885,888.3116883,0.094488189,981.8181818,0.045931759,467.5324675,99,,0.311023622,2898.701299
13:38,76,0.098425197,521.0526316,0.102362205,852.6315789,0.102362205,1089.473684,0.047244094,473.6842105,84,,0.350393701,2936.842105
13:40,62,0.1167979,754.8387097,0.133858268,929.0322581,0.119422572,1045.16129,0.053805774,464.516129,90,,0.423884514,3193.548387
13:42,67,0.132545932,537.3134328,0.118110236,591.0447761,0.119422572,1128.358209,0.034120735,322.3880597,96,,0.404199475,2579.104478
13:44,68,0.127296588,317.6470588,0.128608924,476.4705882,0.103674541,1005.882353,0.040682415,370.5882353,100,,0.400262467,2170.588235
13:46,61,0.175853018,767.2131148,0.157480315,1062.295082,0.169291339,944.2622951,0.082677165,708.1967213,115,,0.585301837,3481.967213
13:48,92,0.049868766,586.9565217,0.082677165,860.8695652,0.078740157,978.2608696,0.022309711,273.9130435,94,,0.233595801,2700
13:50,79,0.099737533,820.2531646,0.103674541,774.6835443,0.073490814,683.5443038,0.039370079,410.1265823,86,,0.316272966,2688.607595
13:52,92,0.182414698,469.5652174,0.132545932,430.4347826,0.062992126,626.0869565,0.005249344,78.26086957,102,,0.3832021,1604.347826
13:54,83,0.195538058,260.2409639,0.119422572,607.2289157,0.111548556,693.9759036,0.032808399,346.9879518,130,,0.459317585,1908.433735
13:56,89,0.19160105,283.1460674,0.12992126,525.8426966,0.131233596,687.6404494,0.070866142,364.0449438,145,,0.523622047,1860.674157
13:58,67,0.182414698,698.5074627,0.104986877,752.238806,0.165354331,1020.895522,0.094488189,805.9701493,144,,0.547244094,3277.61194
14:00,92,0.090551181,743.4782609,0.05511811,547.826087,0.072178478,860.8695652,0.022309711,273.9130435,109,,0.24015748,2426.086957
14:02,70,0.052493438,462.8571429,0.091863517,822.8571429,0.07480315,668.5714286,0.057742782,462.8571429,85,,0.276902887,2417.142857
14:04,68,0.128608924,635.2941176,0.107611549,688.2352941,0.082677165,847.0588235,0.043307087,423.5294118,82,,0.362204724,2594.117647
14:06,66,0.097112861,545.4545455,0.152230971,927.2727273,0.115485564,818.1818182,0.052493438,436.3636364,100,,0.417322835,2727.272727
14:08,104,0.073490814,588.4615385,0.065616798,588.4615385,0.081364829,900,0.040682415,415.3846154,88,,0.261154856,2492.307692
14:09,70,0.122047244,462.8571429,0.12992126,822.8571429,0.098425197,874.2857143,0.034120735,257.1428571,91,,0.384514436,2417.142857
14:11,87,0.195538058,248.2758621,0.125984252,206.8965517,0.076115486,579.3103448,0.023622047,248.2758621,113,,0.421259843,1282.758621
14:13,77,0.187664042,467.5324675,0.124671916,841.5584416,0.119422572,935.0649351,0.047244094,467.5324675,135,,0.479002625,2711.688312
14:15,72,0.175853018,650,0.093175853,800,0.098425197,1050,0.034120735,350,140,,0.401574803,2850
14:17,69,0.104986877,573.9130435,0.104986877,991.3043478,0.099737533,1095.652174,0.022309711,260.8695652,112,,0.332020997,2921.73913
14:19,69,0.182414698,469.5652174,0.082677165,730.4347826,0.07480315,782.6086957,0.032808399,313.0434783,118,,0.372703412,2295.652174
14:21,72,0.18503937,600,0.107611549,800,0.133858268,1350,0.04855643,550,127,,0.475065617,3300
14:23,105,0.057742782,514.2857143,0.085301837,720,0.072178478,720,0.026246719,274.2857143,106,,0.241469816,2228.571429
14:25,88,0.043307087,450,0.082677165,818.1818182,0.06167979,736.3636364,0.018372703,204.5454545,81,,0.206036745,2209.090909
14:27,113,0.047244094,414.159292,0.070866142,637.1681416,0.060367454,669.0265487,0.024934383,254.8672566,59,,0.203412073,1975.221239
14:29,70,0.102362205,514.2857143,0.082677165,617.1428571,0.065616798,720,0.028871391,360,67,,0.279527559,2211.428571
14:31,72,0.127296588,950,0.124671916,1000,0.099737533,1000,0.036745407,400,81,,0.388451444,3350
14:33,106,0.094488189,611.3207547,0.082677165,645.2830189,0.076115486,781.1320755,0.022309711,237.7358491,82,,0.275590551,2275.471698
14:35,90,0.181102362,400,0.04855643,400,0.041994751,400,0.019685039,240,107,,0.291338583,1440
14:37,67,0.118110236,537.3134328,0.131233596,913.4328358,0.120734908,913.4328358,0.065616798,644.7761194,106,,0.435695538,3008.955224
14:39,97,0.087926509,371.1340206,0.081364829,630.9278351,0.087926509,742.2680412,0.035433071,371.1340206,94,,0.292650919,2115.463918
14:41,105,0.091863517,582.8571429,0.098425197,857.1428571,0.086614173,857.1428571,0.031496063,274.2857143,78,,0.30839895,2571.428571
14:43,119,0.05511811,363.0252101,0.06824147,635.2941176,0.057742782,665.5462185,0.019685039,211.7647059,63,,0.200787402,1875.630252
14:45,93,0.051181102,503.2258065,0.091863517,851.6129032,0.089238845,929.0322581,0.028871391,270.9677419,65,,0.261154856,2554.83871
14:47,90,0.06167979,640,0.07480315,760,0.076115486,920,0.019685039,240,61,,0.232283465,2560
14:49,121,0.057742782,535.5371901,0.06167979,624.7933884,0.069553806,803.3057851,0.024934383,267.768595,58,,0.213910761,2231.404959
14:51,119,0.051181102,514.2857143,0.077427822,726.0504202,0.070866142,665.5462185,0.028871391,272.2689076,57,,0.228346457,2178.151261
14:53,104,0.035433071,346.1538462,0.072178478,657.6923077,0.06167979,657.6923077,0.023622047,242.3076923,56,,0.192913386,1903.846154
14:55,113,0.077427822,573.4513274,0.056430446,573.4513274,0.040682415,541.5929204,0.018372703,223.0088496,58,,0.192913386,1911.504425
14:56,58,0,0,0.101049869,868.9655172,0.119422572,1117.241379,0.059055118,558.6206897,73,,0.279527559,2544.827586
14:58,113,0.194225722,127.4336283,0.076115486,764.6017699,0.052493438,669.0265487,0.018372703,223.0088496,110,,0.341207349,1784.070796
15:00,80,0.083989501,225,0.098425197,675,0.077427822,855,0.027559055,270,103,,0.287401575,2025
15:02,61,0.103674541,649.1803279,0.135170604,944.2622951,0.124671916,1180.327869,0.070866142,708.1967213,104,,0.434383202,3481.967213
15:04,66,0.124671916,381.8181818,0.112860892,709.0909091,0.170603675,927.2727273,0.032808399,327.2727273,109,,0.440944882,2345.454545
15:06,73,0.181102362,542.4657534,0.132545932,1232.876712,0.144356955,1331.506849,0.041994751,394.5205479,128,,0.5,3501.369863
15:08,69,0.173228346,782.6086957,0.082677165,730.4347826,0.111548556,1252.173913,0.038057743,417.3913043,134,,0.405511811,3182.608696
15:10,70,0.19160105,411.4285714,0.103674541,822.8571429,0.119422572,1285.714286,0.052493438,617.1428571,140,,0.467191601,3137.142857
15:12,96,0.19816273,225,0.080052493,637.5,0.087926509,787.5,0.047244094,450,145,,0.413385827,2100
15:14,106,0.124671916,509.4339623,0.06824147,543.3962264,0.06824147,713.2075472,0.031496063,271.6981132,125,,0.292650919,2037.735849
15:16,94,0.188976378,421.2765957,0.122047244,804.2553191,0.115485564,995.7446809,0.044619423,497.8723404,129,,0.471128609,2719.148936
15:18,76,0.175853018,568.4210526,0.098425197,426.3157895,0.099737533,947.3684211,0.028871391,331.5789474,129,,0.402887139,2273.684211
15:20,119,0.187664042,302.5210084,0.095800525,484.0336134,0.087926509,968.0672269,0.035433071,363.0252101,140,,0.406824147,2117.647059
15:22,94,0.192913386,344.6808511,0.119422572,919.1489362,0.127296588,1148.93617,0.047244094,497.8723404,143,,0.48687664,2910.638298
15:24,64,0.18503937,337.5,0.162729659,843.75,0.115485564,1181.25,0.056430446,506.25,143,,0.519685039,2868.75
15:26,96,0.187664042,412.5,0.078740157,750,0.082677165,900,0.035433071,375,143,,0.384514436,2437.5
15:29,89,0.188976378,364.0449438,0.065616798,566.2921348,0.083989501,808.988764,0.034120735,323.5955056,143,,0.372703412,2062.921348
15:30,59,0.066929134,610.1694915,0.086614173,854.2372881,0.076115486,732.2033898,0.04855643,549.1525424,109,,0.278215223,2745.762712
15:33,93,0.108923885,619.3548387,0.098425197,774.1935484,0.097112861,1161.290323,0.035433071,425.8064516,91,,0.339895013,2980.645161
15:34,109,0.097112861,561.4678899,0.080052493,759.6330275,0.089238845,924.7706422,0.030183727,231.1926606,75,,0.296587927,2477.06422
15:36,93,0.102362205,696.7741935,0.101049869,929.0322581,0.091863517,1045.16129,0.034120735,348.3870968,78,,0.329396325,3019.354839
15:39,100,0.078740157,684,0.085301837,792,0.095800525,1116,0.047244094,468,75,,0.307086614,3060
15:41,98,0.164041995,808.1632653,0.091863517,734.6938776,0.093175853,1065.306122,0.041994751,477.5510204,98,,0.391076115,3085.714286
15:43,93,0.190288714,425.8064516,0.099737533,929.0322581,0.125984252,1200,0.051181102,464.516129,123,,0.467191601,3019.354839
15:45,119,0.190288714,272.2689076,0.112860892,756.302521,0.120734908,937.8151261,0.047244094,484.0336134,141,,0.471128609,2450.420168
15:47,92,0.182414698,508.6956522,0.097112861,586.9565217,0.108923885,782.6086957,0.039370079,391.3043478,142,,0.427821522,2269.565217
15:49,93,0.190288714,464.516129,0.093175853,851.6129032,0.115485564,1277.419355,0.028871391,348.3870968,143,,0.427821522,2941.935484
15:51,93,0.187664042,387.0967742,0.108923885,735.483871,0.099737533,929.0322581,0.05511811,541.9354839,143,,0.45144357,2593.548387
15:53,93,0.192913386,387.0967742,0.095800525,425.8064516,0.104986877,1277.419355,0.034120735,425.8064516,145,,0.427821522,2516.129032
15:55,93,0.133858268,658.0645161,0.101049869,929.0322581,0.133858268,1470.967742,0.047244094,541.9354839,126,,0.416010499,3600
15:57,93,0.087926509,541.9354839,0.11023622,929.0322581,0.103674541,1122.580645,0.031496063,348.3870968,104,,0.333333333,2941.935484
15:59,93,0.094488189,619.3548387,0.112860892,929.0322581,0.087926509,890.3225806,0.031496063,348.3870968,89,,0.326771654,2787.096774
16:01,96,0.07480315,637.5,0.093175853,787.5,0.089238845,900,0.032808399,337.5,79,,0.290026247,2662.5
16:03,93,0.118110236,580.6451613,0.098425197,658.0645161,0.119422572,1200,0.047244094,464.516129,83,,0.3832021,2903.225806
16:05,97,0.103674541,482.4742268,0.112860892,779.3814433,0.095800525,890.7216495,0.038057743,408.2474227,84,,0.350393701,2560.824742
16:07,96,0.07480315,675,0.101049869,937.5,0.107611549,1162.5,0.043307087,487.5,85,,0.326771654,3262.5
16:09,109,0.115485564,462.3853211,0.097112861,495.412844,0.12992126,1122.93578,0.06824147,627.5229358,91,,0.410761155,2708.256881
16:11,109,0.17191601,561.4678899,0.095800525,726.6055046,0.106299213,1089.908257,0.034120735,297.2477064,110,,0.408136483,2675.229358
16:13,93,0.175853018,658.0645161,0.094488189,658.0645161,0.157480315,1083.870968,0.044619423,541.9354839,125,,0.472440945,2941.935484
16:15,93,0.188976378,387.0967742,0.118110236,929.0322581,0.132545932,1161.290323,0.049868766,541.9354839,138,,0.489501312,3019.354839
16:17,92,0.182414698,469.5652174,0.131233596,782.6086957,0.17191601,939.1304348,0.05511811,586.9565217,140,,0.540682415,2778.26087
16:19,93,0.162729659,696.7741935,0.127296588,1006.451613,0.157480315,1238.709677,0.069553806,658.0645161,133,,0.517060367,3600
16:21,93,0.089238845,464.516129,0.158792651,812.9032258,0.169291339,735.483871,0.065616798,580.6451613,130,,0.482939633,2593.548387
16:23,93,0.177165354,541.9354839,0.083989501,735.483871,0.124671916,1161.290323,0.05511811,503.2258065,131,,0.440944882,2941.935484
16:25,102,0.188976378,317.6470588,0.111548556,811.7647059,0.125984252,1058.823529,0.073490814,670.5882353,138,,0.5,2858.823529
16:27,92,0.111548556,626.0869565,0.085301837,860.8695652,0.124671916,1369.565217,0.035433071,391.3043478,120,,0.356955381,3247.826087
16:29,93,0.085301837,812.9032258,0.118110236,1083.870968,0.098425197,1045.16129,0.031496063,387.0967742,104,,0.333333333,3329.032258
16:31,93,0.093175853,812.9032258,0.127296588,1122.580645,0.106299213,1122.580645,0.049868766,541.9354839,94,,0.37664042,3600
16:33,93,0.118110236,890.3225806,0.083989501,774.1935484,0.112860892,1045.16129,0.045931759,541.9354839,92,,0.360892388,3251.612903
16:35,96,0.099737533,450,0.11023622,900,0.143044619,1275,0.053805774,487.5,100,,0.406824147,3112.5
16:37,93,0.089238845,503.2258065,0.127296588,774.1935484,0.146981627,1200,0.081364829,735.483871,106,,0.44488189,3212.903226
16:39,93,0.078740157,851.6129032,0.12992126,1122.580645,0.120734908,890.3225806,0.06824147,580.6451613,105,,0.397637795,3445.16129
16:41,96,0.103674541,562.5,0.132545932,825,0.17191601,1200,0.059055118,525,116,,0.467191601,3112.5
16:43,93,0.119422572,929.0322581,0.174540682,658.0645161,0.182414698,541.9354839,0.080052493,774.1935484,128,,0.556430446,2903.225806
16:45,92,0.131233596,821.7391304,0.181102362,547.826087,0.182414698,391.3043478,0.06167979,586.9565217,137,,0.556430446,2347.826087
16:47,93,0.12992126,851.6129032,0.164041995,851.6129032,0.196850394,232.2580645,0.167979003,580.6451613,144,,0.658792651,2516.129032
16:49,93,0.119422572,387.0967742,0.17191601,580.6451613,0.177165354,658.0645161,0.104986877,580.6451613,141,,0.573490814,2206.451613
16:51,93,0.132545932,580.6451613,0.183727034,348.3870968,0.200787402,77.41935484,0.187664042,348.3870968,146,,0.704724409,1354.83871
16:53,93,0.115485564,580.6451613,0.127296588,503.2258065,0.195538058,270.9677419,0.119422572,503.2258065,147,,0.557742782,1858.064516
16:55,96,0.093175853,787.5,0.17191601,600,0.19816273,150,0.111548556,375,151,,0.57480315,1912.5
16:57,92,0.11023622,1017.391304,0.12335958,743.4782609,0.190288714,547.826087,0.125984252,547.826087,148,,0.549868766,2856.521739
16:59,93,0.098425197,929.0322581,0.177165354,619.3548387,0.18503937,348.3870968,0.119422572,658.0645161,145,,0.580052493,2554.83871
17:01,96,0.080052493,600,0.177165354,750,0.132545932,637.5,0.11023622,750,139,,0.5,2737.5
17:03,93,0.1167979,812.9032258,0.124671916,851.6129032,0.133858268,1122.580645,0.083989501,658.0645161,121,,0.459317585,3445.16129
17:05,93,0.128608924,967.7419355,0.164041995,735.483871,0.175853018,580.6451613,0.086614173,696.7741935,124,,0.55511811,2980.645161
17:07,93,0.101049869,890.3225806,0.162729659,890.3225806,0.158792651,929.0322581,0.052493438,503.2258065,122,,0.475065617,3212.903226
17:09,92,0.107611549,821.7391304,0.120734908,704.3478261,0.177165354,704.3478261,0.087926509,586.9565217,131,,0.49343832,2817.391304
17:11,93,0.112860892,967.7419355,0.112860892,1006.451613,0.128608924,929.0322581,0.052493438,387.0967742,116,,0.406824147,3290.322581
17:13,99,0.101049869,581.8181818,0.132545932,945.4545455,0.154855643,1054.545455,0.04855643,472.7272727,115,,0.437007874,3054.545455
17:15,87,0.122047244,868.9655172,0.156167979,951.7241379,0.173228346,868.9655172,0.070866142,620.6896552,120,,0.522309711,3310.344828
17:17,93,0.098425197,812.9032258,0.162729659,735.483871,0.128608924,464.516129,0.080052493,696.7741935,125,,0.469816273,2709.677419
17:19,97,0.125984252,853.6082474,0.132545932,371.1340206,0.196850394,148.4536082,0.11023622,630.9278351,137,,0.565616798,2004.123711
17:21,90,0.133858268,520,0.115485564,440,0.182414698,480,0.164041995,680,139,,0.595800525,2120
17:23,92,0.152230971,1017.391304,0.17191601,586.9565217,0.19160105,195.6521739,0.114173228,469.5652174,145,,0.62992126,2269.565217
17:25,99,0.11023622,654.5454545,0.124671916,763.6363636,0.173228346,618.1818182,0.11023622,654.5454545,138,,0.518372703,2690.909091
17:27,87,0.112860892,537.9310345,0.186351706,289.6551724,0.173228346,620.6896552,0.108923885,620.6896552,140,,0.581364829,2068.965517
17:29,92,0.098425197,782.6086957,0.156167979,821.7391304,0.131233596,586.9565217,0.097112861,860.8695652,129,,0.482939633,3052.173913
17:31,95,0.17191601,606.3157895,0.173228346,530.5263158,0.179790026,568.4210526,0.122047244,720,132,,0.646981627,2425.263158
17:33,96,0.124671916,562.5,0.156167979,900,0.125984252,937.5,0.089238845,787.5,125,,0.496062992,3187.5
17:35,92,0.107611549,626.0869565,0.132545932,821.7391304,0.167979003,782.6086957,0.081364829,704.3478261,127,,0.489501312,2934.782609
17:37,93,0.101049869,851.6129032,0.165354331,851.6129032,0.18503937,503.2258065,0.086614173,812.9032258,132,,0.538057743,3019.354839
17:39,92,0.11023622,900,0.164041995,900,0.18503937,430.4347826,0.115485564,586.9565217,138,,0.57480315,2817.391304
17:41,95,0.107611549,1023.157895,0.160104987,985.2631579,0.17191601,947.3684211,0.077427822,606.3157895,137,,0.517060367,3562.105263
17:43,92,0.091863517,743.4782609,0.165354331,743.4782609,0.181102362,469.5652174,0.059055118,508.6956522,136,,0.497375328,2465.217391
17:45,93,0.183727034,580.6451613,0.165354331,812.9032258,0.175853018,812.9032258,0.081364829,696.7741935,137,,0.606299213,2903.225806
17:47,93,0.125984252,619.3548387,0.167979003,851.6129032,0.170603675,774.1935484,0.062992126,541.9354839,135,,0.527559055,2787.096774
17:49,93,0.122047244,890.3225806,0.156167979,1006.451613,0.188976378,503.2258065,0.097112861,619.3548387,139,,0.564304462,3019.354839
17:51,93,0.103674541,929.0322581,0.127296588,735.483871,0.187664042,387.0967742,0.090551181,503.2258065,140,,0.509186352,2554.83871
17:53,93,0.108923885,851.6129032,0.162729659,774.1935484,0.132545932,503.2258065,0.076115486,658.0645161,135,,0.480314961,2787.096774
17:55,93,0.076115486,735.483871,0.192913386,232.2580645,0.19816273,77.41935484,0.182414698,309.6774194,140,,0.649606299,1354.83871
17:57,103,0.104986877,524.2718447,0.12335958,244.6601942,0.194225722,244.6601942,0.165354331,664.0776699,144,,0.587926509,1677.669903
17:59,92,0.153543307,939.1304348,0.173228346,586.9565217,0.131233596,469.5652174,0.103674541,743.4782609,141,,0.56167979,2739.130435
18:01,93,0.114173228,619.3548387,0.11023622,541.9354839,0.195538058,193.5483871,0.17847769,425.8064516,143,,0.598425197,1780.645161
18:03,93,0.12992126,1045.16129,0.1167979,658.0645161,0.195538058,270.9677419,0.119422572,774.1935484,145,,0.56167979,2748.387097
18:05,93,0.083989501,774.1935484,0.175853018,735.483871,0.127296588,619.3548387,0.101049869,735.483871,142,,0.488188976,2864.516129
18:07,93,0.127296588,851.6129032,0.152230971,967.7419355,0.125984252,619.3548387,0.07480315,696.7741935,129,,0.480314961,3135.483871
18:09,95,0.108923885,644.2105263,0.149606299,947.3684211,0.167979003,1023.157895,0.089238845,795.7894737,125,,0.515748031,3410.526316
18:11,93,0.089238845,890.3225806,0.125984252,967.7419355,0.167979003,851.6129032,0.053805774,541.9354839,125,,0.437007874,3251.612903
18:13,93,0.107611549,1045.16129,0.127296588,851.6129032,0.169291339,812.9032258,0.064304462,658.0645161,128,,0.468503937,3367.741935
18:15,93,0.101049869,967.7419355,0.112860892,735.483871,0.187664042,348.3870968,0.097112861,735.483871,135,,0.498687664,2787.096774
18:17,95,0.12992126,985.2631579,0.164041995,757.8947368,0.19160105,227.3684211,0.124671916,341.0526316,141,,0.61023622,2311.578947
18:19,92,0.101049869,665.2173913,0.182414698,430.4347826,0.19816273,156.5217391,0.179790026,430.4347826,148,,0.661417323,1682.608696
18:21,95,0.087926509,947.3684211,0.170603675,682.1052632,0.12992126,530.5263158,0.104986877,341.0526316,140,,0.49343832,2501.052632
18:23,118,0.101049869,732.2033898,0.125984252,640.6779661,0.186351706,427.1186441,0.047244094,366.1016949,140,,0.460629921,2166.101695
18:25,93,0.087926509,812.9032258,0.131233596,929.0322581,0.18503937,464.516129,0.167979003,735.483871,139,,0.572178478,2941.935484
18:27,93,0.103674541,1006.451613,0.111548556,967.7419355,0.190288714,348.3870968,0.12992126,658.0645161,143,,0.535433071,2980.645161
18:29,93,0.077427822,812.9032258,0.104986877,735.483871,0.19816273,116.1290323,0.165354331,696.7741935,147,,0.545931759,2361.290323
18:31,95,0.099737533,947.3684211,0.112860892,833.6842105,0.195538058,189.4736842,0.103674541,682.1052632,149,,0.511811024,2652.631579
18:33,92,0.097112861,939.1304348,0.146981627,1095.652174,0.19160105,313.0434783,0.108923885,665.2173913,148,,0.544619423,3013.043478
18:35,92,0.12335958,860.8695652,0.124671916,626.0869565,0.190288714,273.9130435,0.11023622,547.826087,146,,0.54855643,2308.695652
18:37,96,0.103674541,787.5,0.177165354,487.5,0.196850394,150,0.18503937,375,147,,0.662729659,1800
18:39,93,0.095800525,696.7741935,0.181102362,580.6451613,0.195538058,154.8387097,0.086614173,387.0967742,148,,0.559055118,1819.354839
18:41,93,0.098425197,851.6129032,0.164041995,696.7741935,0.19160105,309.6774194,0.12992126,541.9354839,148,,0.583989501,2400
18:43,98,0.106299213,918.3673469,0.124671916,808.1632653,0.179790026,514.2857143,0.125984252,514.2857143,143,,0.536745407,2755.102041
18:45,89,0.106299213,1011.235955,0.128608924,808.988764,0.131233596,768.5393258,0.097112861,687.6404494,122,,0.463254593,3276.404494
18:47,115,0.124671916,626.0869565,0.086614173,594.7826087,0.115485564,438.2608696,0.07480315,406.9565217,106,,0.401574803,2066.086957
18:49,101,0.111548556,534.6534653,0.162729659,891.0891089,0.131233596,677.2277228,0.097112861,641.5841584,109,,0.502624672,2744.554455
18:51,93,0.106299213,774.1935484,0.111548556,851.6129032,0.099737533,967.7419355,0.031496063,348.3870968,100,,0.349081365,2941.935484
18:53,99,0.085301837,727.2727273,0.112860892,1090.909091,0.104986877,1236.363636,0.022309711,254.5454545,94,,0.325459318,3309.090909
18:55,87,0.059055118,496.5517241,0.091863517,786.2068966,0.114173228,1282.758621,0.043307087,496.5517241,86,,0.30839895,3062.068966
18:57,93,0.053805774,580.6451613,0.090551181,967.7419355,0.112860892,1122.580645,0.039370079,425.8064516,86,,0.296587927,3096.774194
18:59,98,0.073490814,661.2244898,0.103674541,1028.571429,0.093175853,1102.040816,0.031496063,330.6122449,83,,0.30183727,3122.44898
19:01,98,0.073490814,661.2244898,0.103674541,1028.571429,0.093175853,1102.040816,0.031496063,330.6122449,81,,0.30183727,3122.44898
19:03,137,0.052493438,525.5474453,0.089238845,893.4306569,0.077427822,945.9854015,0.023622047,262.7737226,74,,0.242782152,2627.737226
19:05,71,0.085301837,861.971831,0.160104987,963.3802817,0.154855643,1064.788732,0.04855643,405.6338028,95,,0.448818898,3295.774648
19:07,69,0.060367454,521.7391304,0.089238845,782.6086957,0.103674541,1147.826087,0.053805774,573.9130435,91,,0.307086614,3026.086957
19:09,81,0.06167979,622.2222222,0.103674541,977.7777778,0.095800525,1066.666667,0.022309711,266.6666667,88,,0.283464567,2933.333333
19:11,72,0.103674541,850,0.124671916,1000,0.132545932,1050,0.032808399,400,89,,0.393700787,3300
19:13,78,0.069553806,600,0.111548556,1015.384615,0.104986877,1107.692308,0.022309711,276.9230769,89,,0.30839895,3000
19:15,66,0.118110236,600,0.102362205,709.0909091,0.108923885,1036.363636,0.028871391,272.7272727,91,,0.358267717,2618.181818
19:17,68,0.086614173,688.2352941,0.115485564,900,0.164041995,1005.882353,0.035433071,370.5882353,105,,0.401574803,2964.705882
19:19,83,0.085301837,693.9759036,0.114173228,780.7228916,0.132545932,693.9759036,0.049868766,477.1084337,107,,0.381889764,2645.783133
19:21,90,0.060367454,600,0.091863517,800,0.085301837,880,0.036745407,400,92,,0.274278215,2680
19:23,121,0.053805774,595.0413223,0.062992126,654.5454545,0.06167979,743.8016529,0.023622047,267.768595,67,,0.202099738,2261.157025
19:25,108,0.040682415,366.6666667,0.06167979,600,0.069553806,833.3333333,0.028871391,300,55,,0.200787402,2100
19:27,119,0.030183727,332.7731092,0.053805774,574.789916,0.039370079,484.0336134,0.011811024,121.0084034,47,,0.135170604,1512.605042
19:29,91,0.040682415,474.7252747,0.064304462,672.5274725,0.085301837,949.4505495,0.023622047,237.3626374,54,,0.213910761,2334.065934
19:31,82,0.072178478,614.6341463,0.102362205,921.9512195,0.114173228,1053.658537,0.039370079,351.2195122,70,,0.32808399,2941.463415
19:33,81,0.045931759,444.4444444,0.086614173,755.5555556,0.087926509,888.8888889,0.030183727,355.5555556,73,,0.250656168,2444.444444
19:35,114,0.073490814,410.5263158,0.106299213,726.3157895,0.175853018,663.1578947,0.051181102,536.8421053,102,,0.406824147,2336.842105
19:37,85,0.034120735,381.1764706,0.06167979,592.9411765,0.060367454,677.6470588,0.022309711,254.1176471,80,,0.17847769,1905.882353
19:39,77,0.078740157,748.0519481,0.090551181,841.5584416,0.07480315,748.0519481,0.044619423,420.7792208,76,,0.288713911,2758.441558
19:41,62,0.081364829,696.7741935,0.102362205,638.7096774,0.103674541,696.7741935,0.024934383,290.3225806,69,,0.312335958,2322.580645
19:43,68,0.080052493,529.4117647,0.094488189,688.2352941,0.073490814,741.1764706,0.022309711,264.7058824,74,,0.270341207,2223.529412
19:45,67,0.087926509,698.5074627,0.091863517,752.238806,0.06167979,752.238806,0.031496063,322.3880597,73,,0.272965879,2525.373134
19:47,74,0.069553806,632.4324324,0.076115486,535.1351351,0.097112861,827.027027,0.057742782,535.1351351,72,,0.300524934,2529.72973
19:49,108,0.024934383,266.6666667,0.052493438,533.3333333,0.053805774,633.3333333,0.01312336,133.3333333,58,,0.144356955,1566.666667
19:51,105,0.031496063,342.8571429,0.062992126,651.4285714,0.06824147,822.8571429,0.020997375,240,53,,0.183727034,2057.142857
19:53,119,0.038057743,393.2773109,0.056430446,574.789916,0.053805774,605.0420168,0.015748031,151.2605042,46,,0.164041995,1724.369748
19:55,119,0.017060367,181.512605,0.056430446,574.789916,0.051181102,635.2941176,0.014435696,151.2605042,45,,0.139107612,1542.857143
19:57,91,0.066929134,514.2857143,0.085301837,830.7692308,0.053805774,553.8461538,0.017060367,118.6813187,53,,0.223097113,2017.582418
19:59,66,0.062992126,600,0.103674541,981.8181818,0.051181102,545.4545455,0.022309711,163.6363636,66,,0.24015748,2290.909091
20:01,69,0.095800525,886.9565217,0.077427822,626.0869565,0.073490814,678.2608696,0.011811024,156.5217391,73,,0.258530184,2347.826087
20:03,74,0.091863517,778.3783784,0.060367454,583.7837838,0.065616798,681.0810811,0.023622047,291.8918919,73,,0.241469816,2335.135135
20:05,72,0.045931759,400,0.089238845,750,0.085301837,900,0.032808399,400,70,,0.25328084,2450
20:07,83,0.065616798,607.2289157,0.059055118,563.8554217,0.041994751,477.1084337,0.028871391,303.6144578,60,,0.195538058,1951.807229
20:09,60,0.059055118,540,0.108923885,960,0.083989501,780,0.023622047,180,69,,0.275590551,2460
20:11,65,0.032808399,387.6923077,0.078740157,664.6153846,0.080052493,830.7692308,0.01312336,166.1538462,66,,0.204724409,2049.230769
20:13,84,0.039370079,385.7142857,0.052493438,514.2857143,0.047244094,471.4285714,0.01312336,128.5714286,56,,0.152230971,1500
20:15,110,0.023622047,261.8181818,0.066929134,687.2727273,0.062992126,785.4545455,0.01312336,130.9090909,50,,0.166666667,1865.454545
20:16,67,0.06824147,483.5820896,0.111548556,913.4328358,0.083989501,859.7014925,0.026246719,268.6567164,64,,0.290026247,2525.373134
20:18,74,0.06824147,681.0810811,0.053805774,535.1351351,0.06167979,778.3783784,0.011811024,145.9459459,63,,0.195538058,2140.540541
20:20,77,0.082677165,701.2987013,0.087926509,841.5584416,0.104986877,1122.077922,0.040682415,467.5324675,72,,0.316272966,3132.467532
20:21,89,0.039370079,444.9438202,0.053805774,525.8426966,0.044619423,566.2921348,0.015748031,202.247191,56,,0.153543307,1739.325843
20:23,78,0.039370079,415.3846154,0.085301837,784.6153846,0.073490814,830.7692308,0,0,60,,0.19816273,2030.769231
20:25,106,0.020997375,203.7735849,0.05511811,577.3584906,0.05511811,679.245283,0.010498688,101.8867925,49,,0.141732283,1562.264151
20:27,76,0.036745407,426.3157895,0.070866142,710.5263158,0.059055118,710.5263158,0,0,52,,0.166666667,1847.368421
20:28,105,0.034120735,342.8571429,0.047244094,445.7142857,0.030183727,342.8571429,0.010498688,102.8571429,43,,0.122047244,1234.285714
20:30,111,0.031496063,356.7567568,0.036745407,389.1891892,0.026246719,324.3243243,0.011811024,129.7297297,36,,0.106299213,1200
20:32,60,0.091863517,540,0.078740157,660,0.066929134,780,0.030183727,300,49,,0.267716535,2280
20:34,93,0.036745407,348.3870968,0.047244094,425.8064516,0.030183727,348.3870968,0.009186352,77.41935484,45,,0.12335958,1200
20:35,104,0.05511811,588.4615385,0.073490814,761.5384615,0.05511811,657.6923077,0.017060367,173.0769231,52,,0.200787402,2180.769231
20:37,100,0.039370079,360,0.07480315,684,0.052493438,612,0.026246719,288,52,,0.192913386,1944
20:39,101,0.041994751,392.0792079,0.072178478,677.2277228,0.049868766,570.2970297,0.007874016,71.28712871,56,,0.17191601,1710.891089
20:41,101,0.027559055,285.1485149,0.065616798,605.9405941,0.052493438,641.5841584,0.020997375,213.8613861,53,,0.166666667,1746.534653
20:42,94,0.039370079,421.2765957,0.05511811,497.8723404,0.034120735,382.9787234,0.011811024,114.893617,48,,0.140419948,1417.021277
20:44,105,0.043307087,480,0.066929134,685.7142857,0.057742782,720,0.009186352,102.8571429,48,,0.177165354,1988.571429
20:46,72,0.049868766,350,0.041994751,450,0.039370079,500,0.014435696,150,43,,0.145669291,1450
20:48,105,0.047244094,445.7142857,0.04855643,514.2857143,0.044619423,548.5714286,0.009186352,102.8571429,40,,0.149606299,1611.428571
20:49,52,0.045931759,346.1538462,0.080052493,553.8461538,0.060367454,553.8461538,0.015748031,207.6923077,48,,0.202099738,1661.538462
20:51,47,0.047244094,382.9787234,0.027559055,229.787234,0,0,0,0,44,,0.07480315,612.7659574
20:52,72,0.017060367,200,0.044619423,450,0,0,0.017060367,200,41,,0.078740157,850
20:54,72,0.020997375,250,0.056430446,600,0,0,0.00656168,100,38,,0.083989501,950
20:55,64,0.070866142,731.25,0.078740157,787.5,0,0,0.007874016,112.5,49,,0.157480315,1631.25
20:57,69,0.044619423,521.7391304,0.040682415,417.3913043,0,0,0.019685039,260.8695652,45,,0.104986877,1200
20:58,73,0.035433071,394.5205479,0.030183727,295.890411,0.196850394,147.9452055,0.009186352,98.63013699,92,,0.271653543,936.9863014
21:00,83,0.015748031,216.8674699,0.045931759,520.4819277,0.035433071,477.1084337,0.009186352,130.1204819,73,,0.106299213,1344.578313
21:01,59,0.035433071,366.1016949,0.056430446,549.1525424,0.049868766,549.1525424,0,0,64,,0.141732283,1464.40678
21:03,85,0.017060367,211.7647059,0.045931759,508.2352941,0.051181102,635.2941176,0.014435696,169.4117647,39,,0.128608924,1524.705882
21:04,85,0.039370079,423.5294118,0.052493438,550.5882353,0.026246719,338.8235294,0.00656168,84.70588235,40,,0.124671916,1397.647059
21:06,96,0.06167979,675,0.056430446,562.5,0.057742782,675,0.027559055,300,43,,0.203412073,2212.5
21:07,95,0.052493438,606.3157895,0.07480315,757.8947368,0.059055118,682.1052632,0.020997375,227.3684211,50,,0.207349081,2273.684211
21:09,95,0.052493438,606.3157895,0.07480315,757.8947368,0.059055118,682.1052632,0.020997375,227.3684211,55,,0.207349081,2273.684211
21:11,170,0.032808399,381.1764706,0.057742782,614.1176471,0.069553806,868.2352941,0.019685039,232.9411765,55,,0.179790026,2096.470588
21:13,68,0.080052493,688.2352941,0.11023622,952.9411765,0.101049869,900,0.041994751,370.5882353,68,,0.333333333,2911.764706
21:15,70,0.064304462,668.5714286,0.107611549,925.7142857,0.081364829,822.8571429,0.038057743,360,76,,0.291338583,2777.142857
21:17,95,0.064304462,606.3157895,0.065616798,644.2105263,0.087926509,985.2631579,0.044619423,492.6315789,76,,0.262467192,2728.421053
21:19,69,0.056430446,573.9130435,0.076115486,730.4347826,0.093175853,991.3043478,0.022309711,260.8695652,72,,0.248031496,2556.521739
21:21,72,0.05511811,500,0.076115486,700,0.081364829,950,0.035433071,400,66,,0.248031496,2550
21:23,67,0.053805774,537.3134328,0.091863517,752.238806,0.082677165,805.9701493,0.049868766,483.5820896,68,,0.278215223,2579.104478
21:25,60,0.083989501,600,0.098425197,780,0.11023622,1200,0.06824147,720,75,,0.360892388,3300
21:27,77,0.089238845,654.5454545,0.060367454,467.5324675,0.05511811,607.7922078,0.022309711,233.7662338,74,,0.227034121,1963.636364
21:29,108,0.024934383,266.6666667,0.035433071,366.6666667,0.035433071,433.3333333,0.017060367,166.6666667,53,,0.112860892,1233.333333
21:31,95,0.059055118,454.7368421,0.081364829,682.1052632,0.086614173,757.8947368,0.027559055,227.3684211,54,,0.254593176,2122.105263
21:33,105,0.036745407,445.7142857,0.05511811,582.8571429,0.056430446,651.4285714,0.020997375,240,47,,0.169291339,1920
21:35,72,0.031496063,300,0.076115486,550,0.101049869,1000,0.039370079,450,63,,0.248031496,2300
21:36,76,0.059055118,521.0526316,0.112860892,1042.105263,0.093175853,1089.473684,0.030183727,378.9473684,74,,0.295275591,3031.578947
21:38,67,0.034120735,376.119403,0.085301837,859.7014925,0.081364829,1074.626866,0.064304462,698.5074627,75,,0.265091864,3008.955224
21:40,72,0.031496063,400,0.06824147,650,0.076115486,950,0.027559055,300,66,,0.203412073,2300
21:42,74,0.049868766,535.1351351,0.081364829,778.3783784,0.094488189,972.972973,0.028871391,291.8918919,66,,0.254593176,2578.378378
21:44,106,0.027559055,305.6603774,0.040682415,407.5471698,0.038057743,373.5849057,0.014435696,101.8867925,50,,0.120734908,1188.679245
21:46,114,0.020997375,221.0526316,0.041994751,442.1052632,0.045931759,568.4210526,0.014435696,157.8947368,42,,0.12335958,1389.473684
21:48,95,0.031496063,341.0526316,0.080052493,757.8947368,0.06167979,720,0.023622047,265.2631579,46,,0.196850394,2084.210526
21:50,108,0.026246719,266.6666667,0.07480315,766.6666667,0.04855643,600,0.014435696,166.6666667,53,,0.164041995,1800
21:52,119,0.019685039,181.512605,0.04855643,484.0336134,0.041994751,484.0336134,0.017060367,181.512605,49,,0.127296588,1331.092437
21:54,116,0.026246719,248.2758621,0.049868766,465.5172414,0.056430446,651.7241379,0.028871391,310.3448276,44,,0.161417323,1675.862069
21:56,114,0.030183727,284.2105263,0.05511811,568.4210526,0.044619423,568.4210526,0.018372703,221.0526316,41,,0.148293963,1642.105263
21:58,112,0.047244094,353.5714286,0.04855643,450,0.049868766,546.4285714,0.024934383,257.1428571,40,,0.170603675,1607.142857
22:00,111,0.035433071,259.4594595,0.060367454,583.7837838,0.070866142,843.2432432,0.026246719,291.8918919,46,,0.192913386,1978.378378
22:02,111,0.020997375,194.5945946,0.035433071,324.3243243,0.043307087,454.0540541,0.023622047,259.4594595,41,,0.12335958,1232.432432
22:04,113,0.026246719,286.7256637,0.045931759,477.8761062,0.039370079,509.7345133,0.017060367,191.1504425,39,,0.128608924,1465.486726
22:06,95,0.022309711,189.4736842,0.038057743,378.9473684,0.040682415,416.8421053,0.028871391,303.1578947,33,,0.12992126,1288.421053
22:08,119,0.044619423,453.7815126,0.076115486,726.0504202,0.060367454,695.7983193,0.017060367,181.512605,44,,0.19816273,2057.142857
22:10,119,0.024934383,272.2689076,0.043307087,453.7815126,0.039370079,484.0336134,0.017060367,181.512605,41,,0.124671916,1391.596639
22:12,116,0.028871391,310.3448276,0.049868766,527.5862069,0.052493438,620.6896552,0.014435696,155.1724138,42,,0.145669291,1613.793103
22:14,114,0.032808399,347.3684211,0.062992126,600,0.045931759,568.4210526,0.01312336,126.3157895,42,,0.154855643,1642.105263
22:15,112,0.023622047,257.1428571,0.053805774,546.4285714,0.06167979,739.2857143,0.018372703,192.8571429,46,,0.157480315,1735.714286
22:17,111,0.031496063,291.8918919,0.044619423,454.0540541,0.038057743,421.6216216,0.030183727,291.8918919,41,,0.144356955,1459.459459
22:19,107,0.028871391,302.8037383,0.06167979,639.2523364,0.072178478,841.1214953,0.035433071,370.0934579,46,,0.19816273,2153.271028
22:21,108,0.018372703,166.6666667,0.04855643,500,0.05511811,666.6666667,0.026246719,300,45,,0.148293963,1633.333333
22:23,102,0.027559055,317.6470588,0.056430446,600,0.04855643,600,0.028871391,317.6470588,45,,0.161417323,1835.294118
22:24,104,0.027559055,311.5384615,0.057742782,588.4615385,0.06167979,761.5384615,0.020997375,242.3076923,45,,0.167979003,1903.846154
22:26,101,0.026246719,285.1485149,0.052493438,534.6534653,0.05511811,677.2277228,0.019685039,213.8613861,44,,0.153543307,1710.891089
22:28,70,0.024934383,205.7142857,0.039370079,360,0.049868766,617.1428571,0.026246719,257.1428571,41,,0.140419948,1440
22:29,47,0.024934383,306.3829787,0.041994751,459.5744681,0.018372703,229.787234,0,0,36,,0.085301837,995.7446809
22:31,47,0.024934383,306.3829787,0.041994751,459.5744681,0.018372703,229.787234,0,0,33,,0.085301837,995.7446809
22:33,48,0.026246719,300,0.087926509,900,0.057742782,675,0.024934383,300,48,,0.196850394,2175
22:34,97,0.028871391,334.0206186,0.062992126,668.0412371,0.070866142,853.6082474,0.030183727,334.0206186,53,,0.192913386,2189.690722
22:36,97,0.028871391,334.0206186,0.062992126,668.0412371,0.070866142,853.6082474,0.030183727,334.0206186,57,,0.192913386,2189.690722
22:38,165,0.035433071,392.7272727,0.059055118,589.0909091,0.051181102,610.9090909,0.019685039,196.3636364,50,,0.165354331,1789.090909
22:40,120,0.030183727,360,0.053805774,570,0.052493438,630,0.010498688,120,45,,0.146981627,1680
22:42,119,0.030183727,272.2689076,0.039370079,363.0252101,0.045931759,544.5378151,0.020997375,211.7647059,39,,0.13648294,1391.596639
22:44,119,0.020997375,211.7647059,0.06167979,605.0420168,0.039370079,484.0336134,0.019685039,181.512605,42,,0.141732283,1482.352941
22:46,108,0.034120735,333.3333333,0.04855643,466.6666667,0.053805774,633.3333333,0.015748031,166.6666667,42,,0.152230971,1600
22:48,119,0.030183727,302.5210084,0.049868766,514.2857143,0.04855643,574.789916,0.009186352,90.75630252,41,,0.137795276,1482.352941
22:50,107,0.022309711,235.5140187,0.032808399,336.4485981,0.032808399,403.7383178,0.009186352,100.9345794,33,,0.097112861,1076.635514
22:52,119,0.032808399,363.0252101,0.056430446,574.789916,0.056430446,665.5462185,0.01312336,121.0084034,36,,0.158792651,1724.369748
22:54,119,0.030183727,363.0252101,0.045931759,484.0336134,0.044619423,574.789916,0.018372703,211.7647059,35,,0.139107612,1633.613445
22:56,119,0.032808399,332.7731092,0.04855643,453.7815126,0.035433071,363.0252101,0.010498688,90.75630252,38,,0.127296588,1240.336134
22:58,90,0.031496063,360,0.070866142,720,0.053805774,640,0.026246719,320,44,,0.182414698,2040
23:00,120,0,0,0,0,0,0,0,0,26,,0,0
23:02,108,0.023622047,200,0.041994751,366.6666667,0.044619423,466.6666667,0.027559055,266.6666667,27,,0.137795276,1300
23:04,119,0.020997375,242.0168067,0.028871391,302.5210084,0.035433071,453.7815126,0.018372703,211.7647059,23,,0.103674541,1210.084034
23:06,119,0.015748031,151.2605042,0.040682415,393.2773109,0.035433071,393.2773109,0.007874016,60.50420168,30,,0.099737533,998.3193277
23:08,119,0.014435696,151.2605042,0.040682415,393.2773109,0.031496063,393.2773109,0.014435696,151.2605042,30,,0.101049869,1089.07563
23:10,119,0.015748031,151.2605042,0.028871391,272.2689076,0.032808399,393.2773109,0.014435696,151.2605042,28,,0.091863517,968.0672269
23:12,90,0.034120735,360,0.072178478,680,0.05511811,520,0.023622047,240,40,,0.18503937,1800
23:14,121,0.036745407,416.5289256,0.047244094,476.0330579,0.045931759,565.2892562,0.026246719,297.5206612,40,,0.156167979,1755.371901
23:16,119,0.017060367,181.512605,0.030183727,302.5210084,0.032808399,393.2773109,0.017060367,181.512605,35,,0.097112861,1058.823529
23:18,119,0.028871391,302.5210084,0.045931759,484.0336134,0.040682415,514.2857143,0.007874016,90.75630252,32,,0.12335958,1391.596639
23:20,119,0.023622047,242.0168067,0.034120735,332.7731092,0.026246719,302.5210084,0.019685039,211.7647059,29,,0.103674541,1089.07563
23:22,119,0.026246719,272.2689076,0.053805774,544.5378151,0.038057743,453.7815126,0.009186352,90.75630252,35,,0.127296588,1361.344538
23:24,119,0.018372703,181.512605,0.051181102,514.2857143,0.047244094,574.789916,0.014435696,151.2605042,37,,0.131233596,1421.848739
23:26,119,0.022309711,242.0168067,0.035433071,363.0252101,0.026246719,302.5210084,0.009186352,90.75630252,34,,0.093175853,998.3193277
23:28,119,0.035433071,363.0252101,0.045931759,484.0336134,0.043307087,544.5378151,0.01312336,151.2605042,33,,0.137795276,1542.857143
23:30,82,0.023622047,263.4146341,0.060367454,570.7317073,0.043307087,482.9268293,0.022309711,263.4146341,38,,0.149606299,1580.487805
23:32,94,0.009186352,114.893617,0.030183727,344.6808511,0.039370079,459.5744681,0.005249344,76.59574468,36,,0.083989501,995.7446809
23:34,72,0.015748031,200,0.041994751,450,0.035433071,450,0.010498688,150,34,,0.103674541,1250
23:36,71,0.034120735,354.9295775,0.064304462,557.7464789,0.04855643,507.0422535,0.010498688,152.1126761,39,,0.157480315,1571.830986
23:38,72,0.020997375,250,0.041994751,400,0.041994751,500,0.017060367,200,38,,0.122047244,1350
23:40,70,0.034120735,411.4285714,0.077427822,771.4285714,0.053805774,668.5714286,0.007874016,102.8571429,48,,0.173228346,1954.285714
23:42,50,0.043307087,432,0.072178478,648,0.041994751,504,0.010498688,144,51,,0.167979003,1728
23:43,45,0.017060367,240,0.019685039,240,0.022309711,320,0,0,39,,0.059055118,800
23:45,69,0.022309711,260.8695652,0.052493438,521.7391304,0.044619423,626.0869565,0.010498688,156.5217391,36,,0.12992126,1565.217391
23:47,72,0.034120735,400,0.052493438,550,0.034120735,450,0.009186352,100,35,,0.12992126,1500
23:48,88,0.020997375,245.4545455,0.039370079,409.0909091,0.028871391,368.1818182,0.007874016,81.81818182,36,,0.097112861,1104.545455
23:49,84,0.017060367,214.2857143,0.040682415,428.5714286,0.023622047,300,0.015748031,171.4285714,33,,0.097112861,1114.285714
23:51,91,0,0,0,0,0,0,0,0,17,,0,0
23:52,81,0.014435696,177.7777778,0.027559055,311.1111111,0.023622047,311.1111111,0.010498688,133.3333333,16,,0.076115486,933.3333333
23:54,85,0.026246719,338.8235294,0.034120735,381.1764706,0.015748031,211.7647059,0.00656168,84.70588235,19,,0.082677165,1016.470588
23:55,85,0.009186352,127.0588235,0.027559055,296.4705882,0.023622047,296.4705882,0,0,23,,0.060367454,720
23:57,85,0.007874016,84.70588235,0.017060367,169.4117647,0.031496063,381.1764706,0.011811024,127.0588235,23,,0.06824147,762.3529412
